date,open,high,low,close,volume
2022-08-26 09:15:00+05:30,114.0,115.0,114.0,115.0,1
2022-08-26 09:20:00+05:30,115.0,115.2,115.0,115.2,5
2022-08-26 09:25:00+05:30,115.2,115.2,115.2,115.2,0
2022-08-26 09:30:00+05:30,115.2,115.2,113.36,113.36,20
2022-08-26 09:35:00+05:30,113.36,115.5,113.36,115.5,1
2022-08-26 09:40:00+05:30,115.5,115.5,115.5,115.5,0
2022-08-26 09:45:00+05:30,115.5,115.5,115.5,115.5,0
2022-08-26 09:50:00+05:30,115.5,115.8,115.5,115.8,1
2022-08-26 09:55:00+05:30,115.8,116.1,115.8,116.1,0
2022-08-26 10:00:00+05:30,116.1,116.1,116.1,116.1,1
2022-08-26 10:05:00+05:30,116.1,116.1,116.1,116.1,0
2022-08-26 10:10:00+05:30,116.1,116.1,116.1,116.1,0
2022-08-26 10:15:00+05:30,116.1,116.1,116.1,116.1,0
2022-08-26 10:20:00+05:30,116.1,116.1,116.1,116.1,0
2022-08-26 10:25:00+05:30,116.1,116.1,116.1,116.1,0
2022-08-26 10:30:00+05:30,116.1,116.4,116.1,116.4,3
2022-08-26 10:35:00+05:30,116.4,116.4,116.4,116.4,0
2022-08-26 10:40:00+05:30,116.4,116.4,116.4,116.4,0
2022-08-26 10:45:00+05:30,116.4,116.4,116.4,116.4,0
2022-08-26 10:50:00+05:30,116.4,116.4,116.4,116.4,0
2022-08-26 10:55:00+05:30,116.4,116.4,116.4,116.4,0
2022-08-26 11:00:00+05:30,116.4,116.4,116.4,116.4,0
2022-08-26 11:05:00+05:30,116.4,116.4,116.4,116.4,0
2022-08-26 11:10:00+05:30,116.4,116.4,116.4,116.4,0
2022-08-26 11:15:00+05:30,116.4,116.4,116.4,116.4,17
2022-08-26 11:20:00+05:30,116.4,116.4,116.4,116.4,0
2022-08-26 11:25:00+05:30,116.4,116.4,116.4,116.4,0
2022-08-26 11:30:00+05:30,116.4,116.4,116.4,116.4,0
2022-08-26 11:35:00+05:30,116.4,116.4,116.4,116.4,0
2022-08-26 11:40:00+05:30,116.4,116.4,115.2,115.2,3
2022-08-26 11:45:00+05:30,115.2,115.2,115.2,115.2,0
2022-08-26 11:50:00+05:30,115.2,115.2,115.2,115.2,0
2022-08-26 11:55:00+05:30,115.2,115.2,115.2,115.2,0
2022-08-26 12:00:00+05:30,115.2,115.2,115.2,115.2,0
2022-08-26 12:05:00+05:30,115.2,115.2,115.2,115.2,0
2022-08-26 12:10:00+05:30,115.2,115.2,115.2,115.2,0
2022-08-26 12:15:00+05:30,115.2,115.2,115.2,115.2,0
2022-08-26 12:20:00+05:30,115.2,115.2,115.2,115.2,0
2022-08-26 12:25:00+05:30,115.2,115.2,115.2,115.2,0
2022-08-26 12:30:00+05:30,116.7,121.2,116.7,121.2,25
2022-08-26 12:35:00+05:30,121.2,121.2,121.2,121.2,0
2022-08-26 12:40:00+05:30,121.2,121.2,121.2,121.2,0
2022-08-26 12:45:00+05:30,121.2,121.2,121.2,121.2,0
2022-08-26 12:50:00+05:30,121.2,121.2,121.2,121.2,0
2022-08-26 12:55:00+05:30,121.2,121.2,121.2,121.2,0
2022-08-26 13:00:00+05:30,121.2,135.99,121.2,135.99,46
2022-08-26 13:05:00+05:30,135.99,135.99,135.99,135.99,0
2022-08-26 13:10:00+05:30,135.99,135.99,135.99,135.99,44
2022-08-26 13:15:00+05:30,135.99,135.99,135.99,135.99,0
2022-08-26 13:20:00+05:30,135.99,135.99,135.99,135.99,0
2022-08-26 13:25:00+05:30,135.99,135.99,135.99,135.99,0
2022-08-26 13:30:00+05:30,135.99,135.99,135.99,135.99,0
2022-08-26 13:35:00+05:30,135.99,135.99,135.99,135.99,0
2022-08-26 13:40:00+05:30,135.99,135.99,135.99,135.99,18
2022-08-26 13:45:00+05:30,135.99,135.99,135.99,135.99,0
2022-08-26 13:50:00+05:30,135.99,135.99,135.99,135.99,0
2022-08-26 13:55:00+05:30,135.99,135.99,135.99,135.99,26
2022-08-26 14:00:00+05:30,135.99,135.99,135.99,135.99,0
2022-08-26 14:05:00+05:30,135.99,135.99,135.99,135.99,0
2022-08-26 14:10:00+05:30,135.99,135.99,135.99,135.99,0
2022-08-26 14:15:00+05:30,135.99,135.99,135.99,135.99,0
2022-08-26 14:20:00+05:30,135.99,135.99,135.99,135.99,0
2022-08-26 14:25:00+05:30,135.99,135.99,135.99,135.99,0
2022-08-26 14:30:00+05:30,135.99,136.28,135.99,136.28,11
2022-08-26 14:35:00+05:30,136.28,136.28,136.28,136.28,0
2022-08-26 14:40:00+05:30,136.28,136.28,136.28,136.28,0
2022-08-26 14:45:00+05:30,136.28,136.28,136.28,136.28,0
2022-08-26 14:50:00+05:30,136.28,136.28,136.28,136.28,0
2022-08-26 14:55:00+05:30,136.28,136.28,136.28,136.28,0
2022-08-26 15:00:00+05:30,136.28,136.28,136.28,136.28,0
2022-08-26 15:05:00+05:30,136.28,136.28,136.28,136.28,0
2022-08-26 15:10:00+05:30,136.28,136.28,136.28,136.28,0
2022-08-26 15:15:00+05:30,136.28,136.28,136.28,136.28,0
2022-08-26 15:20:00+05:30,136.28,136.28,136.28,136.28,0
2022-08-26 15:25:00+05:30,136.28,136.28,136.28,136.28,0
2022-08-29 09:15:00+05:30,114.3,114.3,114.05,114.05,24
2022-08-29 09:20:00+05:30,135.6,135.6,135.6,135.6,4
2022-08-29 09:25:00+05:30,135.6,135.6,116.03,116.03,44
2022-08-29 09:30:00+05:30,116.03,133.0,116.03,120.0,152
2022-08-29 09:35:00+05:30,120.0,120.0,120.0,120.0,0
2022-08-29 09:40:00+05:30,152.5,162.0,152.5,153.5,308
2022-08-29 09:45:00+05:30,153.5,159.7,153.5,157.99,435
2022-08-29 09:50:00+05:30,157.99,157.99,132.0,155.0,1085
2022-08-29 09:55:00+05:30,155.0,155.0,140.0,154.31,121
2022-08-29 10:00:00+05:30,154.31,154.31,140.0,146.0,113
2022-08-29 10:05:00+05:30,146.0,153.9,137.0,137.0,45
2022-08-29 10:10:00+05:30,137.0,153.9,137.0,137.0,484
2022-08-29 10:15:00+05:30,137.0,145.0,137.0,145.0,1
2022-08-29 10:20:00+05:30,145.0,145.0,145.0,145.0,0
2022-08-29 10:25:00+05:30,145.0,145.0,145.0,145.0,0
2022-08-29 10:30:00+05:30,145.0,145.0,145.0,145.0,0
2022-08-29 10:35:00+05:30,149.95,149.95,137.7,137.7,104
2022-08-29 10:40:00+05:30,137.7,145.0,137.7,145.0,7
2022-08-29 10:45:00+05:30,137.7,139.0,137.7,139.0,4
2022-08-29 10:50:00+05:30,139.0,152.0,139.0,139.0,14
2022-08-29 10:55:00+05:30,139.0,139.0,139.0,139.0,0
2022-08-29 11:00:00+05:30,139.0,139.0,139.0,139.0,0
2022-08-29 11:05:00+05:30,139.0,139.0,139.0,139.0,0
2022-08-29 11:10:00+05:30,139.0,139.0,139.0,139.0,0
2022-08-29 11:20:00+05:30,141.0,141.0,141.0,141.0,1
2022-08-29 11:25:00+05:30,141.0,141.0,141.0,141.0,0
2022-08-29 11:30:00+05:30,141.0,141.0,141.0,141.0,0
2022-08-29 11:35:00+05:30,141.0,141.0,141.0,141.0,0
2022-08-29 11:40:00+05:30,141.0,141.0,137.8,137.8,0
2022-08-29 11:45:00+05:30,137.8,137.8,137.8,137.8,40
2022-08-29 11:50:00+05:30,137.8,137.8,137.8,137.8,0
2022-08-29 11:55:00+05:30,137.8,137.8,137.8,137.8,0
2022-08-29 12:00:00+05:30,137.8,154.31,137.8,154.31,1
2022-08-29 12:05:00+05:30,154.31,162.97,137.0,162.97,104
2022-08-29 12:10:00+05:30,162.97,162.97,160.0,160.0,351
2022-08-29 12:15:00+05:30,141.0,141.0,141.0,141.0,5
2022-08-29 12:20:00+05:30,141.0,141.0,141.0,141.0,0
2022-08-29 12:25:00+05:30,141.0,141.0,141.0,141.0,0
2022-08-29 12:30:00+05:30,141.0,141.0,141.0,141.0,0
2022-08-29 12:35:00+05:30,141.0,141.0,141.0,141.0,0
2022-08-29 12:40:00+05:30,141.0,162.98,141.0,162.98,15
2022-08-29 12:45:00+05:30,162.98,162.98,162.98,162.98,0
2022-08-29 12:50:00+05:30,162.98,162.98,150.1,150.1,708
2022-08-29 12:55:00+05:30,150.1,150.1,150.1,150.1,44
2022-08-29 13:00:00+05:30,150.1,150.1,150.1,150.1,0
2022-08-29 13:05:00+05:30,150.1,150.1,150.1,150.1,0
2022-08-29 13:10:00+05:30,150.1,150.1,150.1,150.1,0
2022-08-29 13:15:00+05:30,150.1,150.1,150.1,150.1,0
2022-08-29 13:20:00+05:30,150.1,150.1,150.0,150.0,316
2022-08-29 13:25:00+05:30,150.0,150.0,150.0,150.0,31
2022-08-29 13:30:00+05:30,150.0,150.0,150.0,150.0,311
2022-08-29 13:35:00+05:30,160.0,160.0,160.0,160.0,201
2022-08-29 13:40:00+05:30,159.5,159.5,151.2,151.2,110
2022-08-29 13:45:00+05:30,151.21,151.21,151.2,151.2,125
2022-08-29 13:50:00+05:30,151.2,151.2,151.2,151.2,0
2022-08-29 13:55:00+05:30,153.0,158.0,153.0,158.0,10
2022-08-29 14:00:00+05:30,158.0,158.0,158.0,158.0,0
2022-08-29 14:05:00+05:30,158.0,158.0,158.0,158.0,0
2022-08-29 14:10:00+05:30,150.0,150.0,150.0,150.0,196
2022-08-29 14:20:00+05:30,150.0,150.0,150.0,150.0,0
2022-08-29 14:25:00+05:30,150.0,150.0,150.0,150.0,0
2022-08-29 14:30:00+05:30,150.0,150.0,150.0,150.0,0
2022-08-29 14:35:00+05:30,150.0,153.5,150.0,153.5,28
2022-08-29 14:40:00+05:30,150.0,150.0,147.0,147.0,4
2022-08-29 14:45:00+05:30,147.0,147.0,146.0,146.0,2
2022-08-29 14:50:00+05:30,146.0,146.0,146.0,146.0,0
2022-08-29 14:55:00+05:30,146.0,146.0,146.0,146.0,0
2022-08-29 15:00:00+05:30,146.0,146.0,145.2,145.2,12
2022-08-29 15:05:00+05:30,145.2,145.2,145.2,145.2,69
2022-08-29 15:10:00+05:30,145.2,148.95,145.2,148.95,0
2022-08-29 15:15:00+05:30,148.95,148.95,140.0,140.0,68
2022-08-29 15:20:00+05:30,140.0,153.45,140.0,142.12,208
2022-08-29 15:25:00+05:30,142.12,151.95,141.0,151.95,121
2022-08-30 09:15:00+05:30,138.09,138.09,137.5,138.0,2
2022-08-30 09:20:00+05:30,138.0,138.0,138.0,138.0,71
2022-08-30 09:25:00+05:30,138.0,138.0,138.0,138.0,4
2022-08-30 09:30:00+05:30,138.0,138.0,138.0,138.0,0
2022-08-30 09:35:00+05:30,138.0,138.0,138.0,138.0,0
2022-08-30 09:40:00+05:30,138.0,138.0,138.0,138.0,0
2022-08-30 09:45:00+05:30,138.0,138.09,138.0,138.09,1
2022-08-30 09:50:00+05:30,138.09,138.09,138.09,138.09,0
2022-08-30 09:55:00+05:30,138.09,138.09,138.09,138.09,0
2022-08-30 10:00:00+05:30,138.09,138.09,138.09,138.09,10
2022-08-30 10:10:00+05:30,138.09,138.09,138.09,138.09,0
2022-08-30 10:20:00+05:30,138.09,138.09,138.09,138.09,0
2022-08-30 10:25:00+05:30,138.09,138.09,138.09,138.09,0
2022-08-30 10:30:00+05:30,138.09,138.09,138.09,138.09,0
2022-08-30 10:35:00+05:30,138.09,138.09,138.09,138.09,0
2022-08-30 10:40:00+05:30,138.09,138.09,138.09,138.09,0
2022-08-30 10:45:00+05:30,138.09,138.09,138.09,138.09,0
2022-08-30 10:50:00+05:30,138.09,138.09,138.09,138.09,0
2022-08-30 10:55:00+05:30,138.09,138.09,138.09,138.09,0
2022-08-30 11:00:00+05:30,138.09,138.09,138.09,138.09,44
2022-08-30 11:30:00+05:30,138.09,138.09,138.09,138.09,0
2022-08-30 11:35:00+05:30,138.09,138.09,138.09,138.09,0
2022-08-30 12:05:00+05:30,138.09,138.09,138.09,138.09,0
2022-08-30 12:20:00+05:30,138.09,138.09,138.09,138.09,0
2022-08-30 13:35:00+05:30,138.09,138.09,138.09,138.09,20
2022-08-30 14:25:00+05:30,138.09,138.09,138.09,138.09,0
2022-08-30 14:30:00+05:30,138.09,138.09,138.09,138.09,0
2022-08-30 14:40:00+05:30,138.09,138.09,138.09,138.09,0
2022-08-30 14:50:00+05:30,138.09,138.09,138.09,138.09,0
2022-08-30 14:55:00+05:30,138.09,138.09,138.09,138.09,0
2022-08-30 15:15:00+05:30,138.09,138.09,138.09,138.09,0
2022-08-30 15:20:00+05:30,138.09,138.09,138.09,138.09,0
2022-08-30 15:25:00+05:30,138.09,138.09,138.09,138.09,0
2022-09-01 09:15:00+05:30,120.0,135.0,120.0,135.0,3
2022-09-01 09:20:00+05:30,135.0,135.0,135.0,135.0,0
2022-09-01 09:25:00+05:30,135.0,135.0,135.0,135.0,0
2022-09-01 09:30:00+05:30,135.0,135.0,135.0,135.0,0
2022-09-01 09:35:00+05:30,135.0,135.0,135.0,135.0,0
2022-09-01 09:40:00+05:30,135.0,135.0,135.0,135.0,0
2022-09-01 09:45:00+05:30,135.0,135.0,135.0,135.0,0
2022-09-01 09:50:00+05:30,135.0,135.0,135.0,135.0,0
2022-09-01 09:55:00+05:30,135.0,137.0,135.0,137.0,4
2022-09-01 10:00:00+05:30,137.0,137.0,137.0,137.0,0
2022-09-01 10:05:00+05:30,137.0,137.0,137.0,137.0,0
2022-09-01 10:10:00+05:30,137.0,137.0,137.0,137.0,0
2022-09-01 10:15:00+05:30,137.0,137.0,137.0,137.0,0
2022-09-01 10:40:00+05:30,137.0,137.0,137.0,137.0,0
2022-09-01 10:45:00+05:30,137.0,137.0,137.0,137.0,0
2022-09-01 10:50:00+05:30,137.0,137.0,137.0,137.0,0
2022-09-01 10:55:00+05:30,137.0,137.0,137.0,137.0,0
2022-09-01 11:10:00+05:30,137.0,137.0,137.0,137.0,0
2022-09-01 11:15:00+05:30,137.0,137.0,137.0,137.0,0
2022-09-01 11:30:00+05:30,137.0,137.0,137.0,137.0,0
2022-09-01 11:45:00+05:30,137.0,137.0,137.0,137.0,0
2022-09-01 11:50:00+05:30,137.0,137.0,137.0,137.0,0
2022-09-01 11:55:00+05:30,137.0,137.0,137.0,137.0,0
2022-09-01 12:00:00+05:30,137.0,137.0,137.0,137.0,0
2022-09-01 12:05:00+05:30,137.0,137.0,137.0,137.0,0
2022-09-01 12:55:00+05:30,137.0,137.0,122.1,122.1,46
2022-09-01 13:00:00+05:30,122.1,122.1,122.1,122.1,0
2022-09-01 13:05:00+05:30,122.1,122.1,122.1,122.1,0
2022-09-01 13:10:00+05:30,124.0,124.0,124.0,124.0,21
2022-09-01 13:15:00+05:30,124.0,124.0,124.0,124.0,0
2022-09-01 13:20:00+05:30,124.0,124.0,124.0,124.0,0
2022-09-01 13:25:00+05:30,124.0,124.0,124.0,124.0,0
2022-09-01 13:30:00+05:30,124.0,124.0,124.0,124.0,0
2022-09-01 13:40:00+05:30,124.0,124.0,124.0,124.0,0
2022-09-01 13:45:00+05:30,124.0,124.0,124.0,124.0,0
2022-09-01 13:50:00+05:30,124.0,124.0,124.0,124.0,0
2022-09-01 13:55:00+05:30,124.0,124.0,124.0,124.0,0
2022-09-01 14:00:00+05:30,124.0,124.0,124.0,124.0,0
2022-09-01 14:05:00+05:30,124.0,124.0,124.0,124.0,0
2022-09-01 14:15:00+05:30,124.0,124.0,124.0,124.0,0
2022-09-01 14:20:00+05:30,124.0,127.72,124.0,127.72,10
2022-09-01 14:25:00+05:30,127.72,127.72,127.72,127.72,0
2022-09-01 14:30:00+05:30,127.72,127.72,127.72,127.72,0
2022-09-01 14:35:00+05:30,127.72,127.72,127.72,127.72,0
2022-09-01 14:40:00+05:30,127.72,127.72,127.72,127.72,0
2022-09-01 14:45:00+05:30,127.72,127.72,127.72,127.72,0
2022-09-01 14:50:00+05:30,127.72,127.72,127.72,127.72,0
2022-09-01 14:55:00+05:30,127.72,127.72,127.72,127.72,0
2022-09-01 15:00:00+05:30,127.72,127.72,127.72,127.72,0
2022-09-01 15:10:00+05:30,127.72,127.72,127.72,127.72,0
2022-09-01 15:15:00+05:30,127.72,127.72,127.72,127.72,0
2022-09-01 15:20:00+05:30,127.72,127.72,127.72,127.72,0
2022-09-01 15:25:00+05:30,127.72,127.73,127.72,127.73,13
2022-09-02 09:15:00+05:30,128.0,128.0,128.0,128.0,0
2022-09-02 09:20:00+05:30,128.0,128.0,128.0,128.0,0
2022-09-02 09:25:00+05:30,128.0,128.0,128.0,128.0,0
2022-09-02 09:30:00+05:30,128.0,128.0,128.0,128.0,0
2022-09-02 09:35:00+05:30,128.0,128.0,128.0,128.0,0
2022-09-02 09:40:00+05:30,128.0,137.0,128.0,137.0,107
2022-09-02 09:45:00+05:30,137.0,137.0,137.0,137.0,1
2022-09-02 09:50:00+05:30,137.0,137.0,137.0,137.0,0
2022-09-02 09:55:00+05:30,137.0,137.0,137.0,137.0,0
2022-09-02 10:00:00+05:30,137.0,137.0,137.0,137.0,21
2022-09-02 10:05:00+05:30,137.0,137.0,137.0,137.0,0
2022-09-02 10:10:00+05:30,137.0,139.0,137.0,139.0,10
2022-09-02 10:15:00+05:30,139.0,139.0,139.0,139.0,0
2022-09-02 10:20:00+05:30,139.0,139.0,139.0,139.0,0
2022-09-02 10:25:00+05:30,139.0,139.0,139.0,139.0,0
2022-09-02 10:30:00+05:30,139.0,139.0,139.0,139.0,0
2022-09-02 10:35:00+05:30,139.0,139.0,139.0,139.0,0
2022-09-02 10:40:00+05:30,139.0,139.0,139.0,139.0,0
2022-09-02 10:50:00+05:30,139.0,139.0,139.0,139.0,0
2022-09-02 10:55:00+05:30,139.0,139.0,139.0,139.0,0
2022-09-02 11:00:00+05:30,139.0,139.0,139.0,139.0,0
2022-09-02 11:05:00+05:30,139.0,139.0,139.0,139.0,0
2022-09-02 11:10:00+05:30,139.0,139.0,139.0,139.0,15
2022-09-02 11:15:00+05:30,139.0,139.98,139.0,139.98,5
2022-09-02 11:20:00+05:30,139.98,139.98,139.98,139.98,0
2022-09-02 11:25:00+05:30,139.98,139.98,139.98,139.98,360
2022-09-02 11:30:00+05:30,139.98,139.98,139.98,139.98,40
2022-09-02 11:40:00+05:30,139.98,139.98,139.98,139.98,25
2022-09-02 11:45:00+05:30,139.98,139.98,139.98,139.98,0
2022-09-02 11:50:00+05:30,139.98,139.98,139.98,139.98,10
2022-09-02 12:10:00+05:30,139.98,139.98,139.98,139.98,0
2022-09-02 12:30:00+05:30,139.98,139.98,139.98,139.98,0
2022-09-02 12:35:00+05:30,139.98,139.98,139.98,139.98,4
2022-09-02 12:40:00+05:30,139.98,139.98,139.98,139.98,0
2022-09-02 13:00:00+05:30,139.98,139.98,139.98,139.98,38
2022-09-02 13:45:00+05:30,139.98,139.98,139.98,139.98,0
2022-09-02 14:05:00+05:30,139.98,139.98,139.98,139.98,0
2022-09-02 14:10:00+05:30,139.98,139.98,139.98,139.98,5
2022-09-02 14:20:00+05:30,139.98,139.98,139.98,139.98,0
2022-09-02 14:45:00+05:30,139.98,139.98,139.98,139.98,0
2022-09-02 14:55:00+05:30,139.98,139.98,139.98,139.98,0
2022-09-02 15:05:00+05:30,139.98,139.98,139.98,139.98,0
2022-09-02 15:10:00+05:30,139.98,139.98,139.98,139.98,0
2022-09-02 15:15:00+05:30,139.98,139.98,139.98,139.98,0
2022-09-02 15:20:00+05:30,119.0,139.0,119.0,135.0,486
2022-09-02 15:25:00+05:30,135.0,139.98,135.0,138.0,51
2022-09-05 09:15:00+05:30,121.87,138.0,121.87,137.9,14
2022-09-05 09:20:00+05:30,137.9,137.9,124.0,124.0,3
2022-09-05 09:25:00+05:30,124.0,124.0,124.0,124.0,0
2022-09-05 09:30:00+05:30,124.0,124.0,124.0,124.0,0
2022-09-05 09:35:00+05:30,124.0,137.9,124.0,137.9,10
2022-09-05 09:40:00+05:30,137.9,137.9,137.9,137.9,12
2022-09-05 09:45:00+05:30,137.9,137.9,137.9,137.9,0
2022-09-05 09:50:00+05:30,137.9,137.9,137.85,137.85,70
2022-09-05 09:55:00+05:30,137.85,137.85,137.85,137.85,92
2022-09-05 10:00:00+05:30,137.85,137.85,137.85,137.85,11
2022-09-05 10:05:00+05:30,137.85,137.85,137.85,137.85,121
2022-09-05 10:10:00+05:30,137.85,137.85,137.85,137.85,0
2022-09-05 10:15:00+05:30,137.85,137.85,136.85,136.85,21
2022-09-05 10:20:00+05:30,136.85,136.85,136.85,136.85,0
2022-09-05 10:25:00+05:30,136.85,136.85,136.85,136.85,0
2022-09-05 10:30:00+05:30,136.85,136.85,136.75,136.75,1
2022-09-05 10:35:00+05:30,136.75,136.75,126.1,126.1,1
2022-09-05 10:40:00+05:30,126.1,126.1,126.1,126.1,0
2022-09-05 10:45:00+05:30,126.1,126.1,126.1,126.1,0
2022-09-05 10:50:00+05:30,126.1,126.1,126.1,126.1,0
2022-09-05 10:55:00+05:30,126.1,126.1,126.1,126.1,0
2022-09-05 11:00:00+05:30,126.1,126.1,126.1,126.1,0
2022-09-05 11:05:00+05:30,126.1,127.01,126.1,127.01,1
2022-09-05 11:10:00+05:30,127.0,127.0,127.0,127.0,50
2022-09-05 11:20:00+05:30,127.0,127.0,127.0,127.0,0
2022-09-05 11:25:00+05:30,127.0,127.0,127.0,127.0,0
2022-09-05 11:35:00+05:30,127.0,127.0,127.0,127.0,0
2022-09-05 11:40:00+05:30,136.7,136.7,136.7,136.7,8
2022-09-05 11:45:00+05:30,136.7,136.7,136.7,136.7,0
2022-09-05 11:50:00+05:30,136.7,136.7,136.7,136.7,0
2022-09-05 11:55:00+05:30,136.7,136.7,128.0,128.0,9
2022-09-05 12:00:00+05:30,128.0,128.0,127.22,127.22,30
2022-09-05 12:05:00+05:30,127.22,127.22,127.22,127.22,0
2022-09-05 12:10:00+05:30,127.22,127.22,127.22,127.22,0
2022-09-05 12:15:00+05:30,127.22,127.22,127.22,127.22,0
2022-09-05 12:20:00+05:30,127.22,127.22,127.22,127.22,0
2022-09-05 12:25:00+05:30,127.22,127.22,127.22,127.22,0
2022-09-05 12:30:00+05:30,127.22,127.22,127.22,127.22,0
2022-09-05 12:35:00+05:30,127.22,127.22,127.22,127.22,0
2022-09-05 12:55:00+05:30,127.22,127.22,127.22,127.22,0
2022-09-05 13:05:00+05:30,127.22,127.22,127.22,127.22,0
2022-09-05 13:10:00+05:30,127.22,127.22,127.22,127.22,0
2022-09-05 13:20:00+05:30,127.22,127.22,127.22,127.22,0
2022-09-05 13:25:00+05:30,127.22,128.01,127.22,128.01,5
2022-09-05 13:30:00+05:30,128.01,128.01,128.01,128.01,0
2022-09-05 13:40:00+05:30,128.01,128.01,128.01,128.01,0
2022-09-05 13:45:00+05:30,128.01,128.01,128.01,128.01,0
2022-09-05 13:50:00+05:30,128.01,128.01,128.01,128.01,0
2022-09-05 14:10:00+05:30,128.01,128.01,128.01,128.01,0
2022-09-05 14:15:00+05:30,128.01,128.01,128.01,128.01,0
2022-09-05 14:20:00+05:30,128.01,128.01,128.01,128.01,0
2022-09-05 14:25:00+05:30,128.01,128.01,128.01,128.01,0
2022-09-05 14:30:00+05:30,128.01,128.01,128.01,128.01,0
2022-09-05 14:35:00+05:30,128.01,128.01,128.01,128.01,0
2022-09-05 14:50:00+05:30,128.01,128.01,128.01,128.01,0
2022-09-05 15:00:00+05:30,128.01,128.01,128.01,128.01,0
2022-09-05 15:05:00+05:30,128.01,130.0,128.01,130.0,1
2022-09-05 15:10:00+05:30,130.0,130.0,130.0,130.0,0
2022-09-05 15:15:00+05:30,130.0,130.0,130.0,130.0,0
2022-09-05 15:20:00+05:30,130.0,130.0,130.0,130.0,6
2022-09-05 15:25:00+05:30,130.0,130.0,130.0,130.0,0
2022-09-06 09:20:00+05:30,128.0,128.0,126.09,126.09,1
2022-09-06 09:25:00+05:30,126.09,126.09,126.09,126.09,0
2022-09-06 09:30:00+05:30,126.09,126.09,126.09,126.09,0
2022-09-06 09:35:00+05:30,126.09,126.09,126.09,126.09,0
2022-09-06 09:40:00+05:30,126.09,126.09,126.09,126.09,0
2022-09-06 09:45:00+05:30,126.09,126.09,126.09,126.09,88
2022-09-06 09:50:00+05:30,126.09,126.09,126.09,126.09,0
2022-09-06 09:55:00+05:30,126.09,126.09,126.09,126.09,0
2022-09-06 10:00:00+05:30,126.09,126.09,126.09,126.09,0
2022-09-06 10:05:00+05:30,126.09,126.09,126.09,126.09,0
2022-09-06 10:15:00+05:30,126.09,126.09,126.09,126.09,0
2022-09-06 10:20:00+05:30,135.0,135.0,135.0,135.0,14
2022-09-06 10:25:00+05:30,135.0,135.0,135.0,135.0,25
2022-09-06 10:30:00+05:30,135.0,135.0,135.0,135.0,0
2022-09-06 10:35:00+05:30,135.0,135.0,135.0,135.0,0
2022-09-06 10:40:00+05:30,135.0,135.0,135.0,135.0,0
2022-09-06 10:45:00+05:30,135.0,135.0,133.86,133.86,50
2022-09-06 11:00:00+05:30,132.0,132.0,132.0,132.0,25
2022-09-06 11:10:00+05:30,132.0,132.0,132.0,132.0,0
2022-09-06 11:15:00+05:30,132.0,132.0,132.0,132.0,0
2022-09-06 11:20:00+05:30,132.0,132.0,132.0,132.0,0
2022-09-06 11:25:00+05:30,132.0,132.0,132.0,132.0,0
2022-09-06 11:30:00+05:30,132.0,132.0,132.0,132.0,0
2022-09-06 11:35:00+05:30,132.0,132.0,132.0,132.0,0
2022-09-06 11:50:00+05:30,132.0,132.0,132.0,132.0,0
2022-09-06 11:55:00+05:30,132.0,132.0,132.0,132.0,0
2022-09-06 12:05:00+05:30,132.0,132.0,132.0,132.0,1
2022-09-06 12:15:00+05:30,132.0,132.0,132.0,132.0,0
2022-09-06 12:20:00+05:30,132.0,132.0,132.0,132.0,0
2022-09-06 12:30:00+05:30,132.0,132.0,132.0,132.0,0
2022-09-06 12:45:00+05:30,132.0,132.0,132.0,132.0,0
2022-09-06 12:50:00+05:30,131.99,131.99,131.99,131.99,3
2022-09-06 12:55:00+05:30,131.99,131.99,131.99,131.99,0
2022-09-06 13:10:00+05:30,131.99,131.99,131.99,131.99,0
2022-09-06 13:20:00+05:30,131.99,131.99,131.99,131.99,0
2022-09-06 13:35:00+05:30,131.99,131.99,131.99,131.99,0
2022-09-06 14:00:00+05:30,131.99,131.99,131.99,131.99,0
2022-09-06 14:05:00+05:30,131.99,131.99,131.99,131.99,0
2022-09-06 14:10:00+05:30,131.99,131.99,131.99,131.99,0
2022-09-06 14:15:00+05:30,131.99,131.99,131.99,131.99,0
2022-09-06 14:20:00+05:30,131.99,131.99,131.99,131.99,0
2022-09-06 14:25:00+05:30,131.99,131.99,131.99,131.99,0
2022-09-06 14:30:00+05:30,131.99,131.99,131.99,131.99,0
2022-09-06 14:40:00+05:30,131.99,131.99,131.99,131.99,0
2022-09-06 14:45:00+05:30,131.99,131.99,131.99,131.99,0
2022-09-06 14:50:00+05:30,131.99,131.99,131.99,131.99,0
2022-09-06 15:00:00+05:30,131.99,131.99,131.99,131.99,0
2022-09-06 15:05:00+05:30,131.99,131.99,131.99,131.99,0
2022-09-06 15:15:00+05:30,131.99,131.99,131.99,131.99,0
2022-09-06 15:20:00+05:30,131.65,131.65,131.65,131.65,10
2022-09-06 15:25:00+05:30,131.65,131.65,131.65,131.65,0
2022-09-07 09:25:00+05:30,131.65,131.65,131.65,131.65,0
2022-09-07 09:30:00+05:30,131.65,131.65,131.65,131.65,0
2022-09-07 09:35:00+05:30,131.65,131.65,131.65,131.65,0
2022-09-07 09:40:00+05:30,131.65,131.65,131.65,131.65,0
2022-09-07 09:45:00+05:30,131.65,131.65,131.65,131.65,0
2022-09-07 09:50:00+05:30,131.65,131.65,130.99,130.99,76
2022-09-07 09:55:00+05:30,130.99,130.99,130.99,130.99,0
2022-09-07 10:00:00+05:30,130.99,130.99,130.99,130.99,0
2022-09-07 10:15:00+05:30,130.99,130.99,130.99,130.99,0
2022-09-07 10:20:00+05:30,130.99,130.99,130.99,130.99,0
2022-09-07 10:25:00+05:30,130.99,130.99,130.99,130.99,0
2022-09-07 10:30:00+05:30,130.99,130.99,130.99,130.99,0
2022-09-07 10:35:00+05:30,130.99,130.99,130.99,130.99,0
2022-09-07 10:40:00+05:30,130.99,130.99,130.99,130.99,0
2022-09-07 10:45:00+05:30,130.99,130.99,130.95,130.95,1
2022-09-07 10:50:00+05:30,130.95,130.95,130.0,130.0,389
2022-09-07 10:55:00+05:30,130.0,130.0,130.0,130.0,10
2022-09-07 11:00:00+05:30,130.0,130.0,130.0,130.0,0
2022-09-07 11:05:00+05:30,130.0,130.0,130.0,130.0,0
2022-09-07 11:15:00+05:30,130.0,130.0,130.0,130.0,0
2022-09-07 11:20:00+05:30,130.0,136.0,130.0,136.0,1
2022-09-07 11:25:00+05:30,136.0,136.0,128.21,128.21,1
2022-09-07 11:30:00+05:30,128.21,128.21,128.21,128.21,0
2022-09-07 11:45:00+05:30,128.21,128.21,128.21,128.21,0
2022-09-07 11:50:00+05:30,128.21,128.21,128.21,128.21,0
2022-09-07 11:55:00+05:30,128.21,128.21,128.21,128.21,0
2022-09-07 12:00:00+05:30,128.21,128.21,128.21,128.21,0
2022-09-07 12:10:00+05:30,128.21,128.21,128.21,128.21,0
2022-09-07 12:20:00+05:30,128.21,128.21,128.21,128.21,0
2022-09-07 12:30:00+05:30,128.21,128.21,128.21,128.21,0
2022-09-07 12:40:00+05:30,128.21,128.21,128.21,128.21,0
2022-09-07 12:45:00+05:30,128.21,128.21,128.21,128.21,0
2022-09-07 12:50:00+05:30,128.21,128.21,128.21,128.21,0
2022-09-07 13:15:00+05:30,128.21,128.21,128.21,128.21,0
2022-09-07 13:50:00+05:30,128.21,132.05,128.21,132.05,98
2022-09-07 14:10:00+05:30,132.05,132.05,132.05,132.05,0
2022-09-07 14:15:00+05:30,132.05,132.05,132.05,132.05,0
2022-09-07 14:25:00+05:30,132.05,132.05,132.05,132.05,0
2022-09-07 14:30:00+05:30,132.05,132.05,132.05,132.05,0
2022-09-07 14:35:00+05:30,132.05,132.05,132.05,132.05,0
2022-09-07 14:40:00+05:30,132.05,132.05,132.05,132.05,0
2022-09-07 14:50:00+05:30,132.05,132.05,132.05,132.05,0
2022-09-07 14:55:00+05:30,132.05,132.05,132.05,132.05,0
2022-09-07 15:05:00+05:30,132.05,132.05,132.05,132.05,0
2022-09-07 15:10:00+05:30,132.05,132.05,128.09,128.09,50
2022-09-07 15:15:00+05:30,128.09,131.93,128.09,131.93,15
2022-09-07 15:25:00+05:30,131.93,131.93,131.93,131.93,0
2022-09-08 09:30:00+05:30,138.86,138.86,138.86,138.86,0
2022-09-08 09:35:00+05:30,138.86,138.86,138.86,138.86,0
2022-09-08 09:40:00+05:30,138.86,139.0,138.86,139.0,745
2022-09-08 09:45:00+05:30,139.0,139.0,139.0,139.0,0
2022-09-08 09:50:00+05:30,139.0,139.0,139.0,139.0,0
2022-09-08 09:55:00+05:30,139.0,139.0,139.0,139.0,0
2022-09-08 10:00:00+05:30,139.0,139.0,139.0,139.0,0
2022-09-08 10:05:00+05:30,139.0,139.0,139.0,139.0,0
2022-09-08 10:20:00+05:30,139.0,139.0,139.0,139.0,0
2022-09-08 10:30:00+05:30,139.0,139.0,139.0,139.0,0
2022-09-08 10:35:00+05:30,139.0,139.0,139.0,139.0,0
2022-09-08 10:40:00+05:30,139.0,139.0,139.0,139.0,0
2022-09-08 10:50:00+05:30,138.5,138.5,138.5,138.5,10
2022-09-08 11:25:00+05:30,138.5,138.5,138.5,138.5,0
2022-09-08 11:35:00+05:30,138.5,138.5,138.5,138.5,0
2022-09-08 11:40:00+05:30,138.5,138.5,138.5,138.5,0
2022-09-08 12:00:00+05:30,138.5,138.5,135.0,135.0,88
2022-09-08 12:10:00+05:30,138.9,138.9,138.9,138.9,9
2022-09-08 12:20:00+05:30,138.9,138.9,138.9,138.9,0
2022-09-08 12:25:00+05:30,138.9,138.9,138.9,138.9,0
2022-09-08 12:40:00+05:30,139.0,139.0,139.0,139.0,78
2022-09-08 13:00:00+05:30,139.0,139.0,139.0,139.0,110
2022-09-08 13:05:00+05:30,139.0,139.0,139.0,139.0,0
2022-09-08 13:25:00+05:30,139.0,139.0,139.0,139.0,0
2022-09-08 13:45:00+05:30,139.6,139.6,139.6,139.6,46
2022-09-08 14:05:00+05:30,139.6,139.6,139.6,139.6,0
2022-09-08 14:10:00+05:30,139.6,139.6,139.6,139.6,13
2022-09-08 14:25:00+05:30,139.6,139.6,139.6,139.6,0
2022-09-08 14:30:00+05:30,139.6,139.6,139.6,139.6,0
2022-09-08 14:40:00+05:30,139.6,139.6,130.23,130.23,13
2022-09-08 14:55:00+05:30,139.6,139.6,139.6,139.6,53
2022-09-08 15:00:00+05:30,139.6,139.6,139.6,139.6,0
2022-09-08 15:05:00+05:30,139.6,139.6,139.6,139.6,0
2022-09-08 15:10:00+05:30,139.6,139.6,139.6,139.6,0
2022-09-08 15:15:00+05:30,139.6,139.6,139.6,139.6,0
2022-09-08 15:20:00+05:30,131.11,131.11,131.11,131.11,1
2022-09-08 15:25:00+05:30,131.11,131.11,131.03,131.03,1
2022-09-12 10:35:00+05:30,131.06,131.06,131.06,131.06,71
2022-09-12 10:45:00+05:30,131.06,131.06,131.06,131.06,0
2022-09-12 10:50:00+05:30,131.06,131.06,131.06,131.06,0
2022-09-12 11:00:00+05:30,131.06,131.06,131.06,131.06,0
2022-09-12 11:15:00+05:30,131.06,131.06,131.06,131.06,0
2022-09-12 11:20:00+05:30,131.06,131.06,131.06,131.06,0
2022-09-12 11:30:00+05:30,139.99,139.99,139.99,139.99,2
2022-09-12 11:35:00+05:30,139.99,139.99,139.99,139.99,0
2022-09-12 11:40:00+05:30,139.99,139.99,139.99,139.99,0
2022-09-12 11:45:00+05:30,139.99,139.99,139.99,139.99,0
2022-09-12 11:50:00+05:30,139.99,139.99,139.0,139.0,69
2022-09-12 11:55:00+05:30,139.0,139.0,139.0,139.0,79
2022-09-12 12:00:00+05:30,139.0,139.0,139.0,139.0,52
2022-09-12 12:05:00+05:30,139.0,139.0,139.0,139.0,0
2022-09-12 12:10:00+05:30,139.0,139.0,139.0,139.0,0
2022-09-12 12:30:00+05:30,139.0,139.0,139.0,139.0,4
2022-09-12 12:35:00+05:30,139.0,139.0,139.0,139.0,0
2022-09-12 12:40:00+05:30,139.0,139.0,139.0,139.0,0
2022-09-12 12:50:00+05:30,139.0,139.0,139.0,139.0,0
2022-09-12 12:55:00+05:30,139.0,139.0,139.0,139.0,0
2022-09-12 13:25:00+05:30,139.0,139.0,139.0,139.0,0
2022-09-12 13:35:00+05:30,139.0,139.0,139.0,139.0,0
2022-09-12 13:50:00+05:30,139.0,139.0,139.0,139.0,0
2022-09-12 14:00:00+05:30,139.0,139.0,139.0,139.0,0
2022-09-12 14:15:00+05:30,139.0,139.0,139.0,139.0,0
2022-09-12 14:20:00+05:30,139.0,139.0,139.0,139.0,0
2022-09-12 14:25:00+05:30,139.0,139.0,139.0,139.0,0
2022-09-12 14:35:00+05:30,139.0,139.0,139.0,139.0,0
2022-09-12 14:40:00+05:30,139.0,139.0,139.0,139.0,0
2022-09-12 14:45:00+05:30,139.0,139.0,139.0,139.0,0
2022-09-12 14:50:00+05:30,139.0,139.0,139.0,139.0,0
2022-09-12 14:55:00+05:30,139.0,139.0,139.0,139.0,0
2022-09-12 15:10:00+05:30,139.0,139.0,139.0,139.0,0
2022-09-12 15:15:00+05:30,139.0,139.0,138.5,139.0,233
2022-09-12 15:20:00+05:30,131.16,139.0,131.16,131.18,347
2022-09-12 15:25:00+05:30,131.18,132.99,131.18,132.99,82
2022-09-13 09:35:00+05:30,140.0,140.0,140.0,140.0,0
2022-09-13 09:40:00+05:30,140.0,140.0,140.0,140.0,0
2022-09-13 09:45:00+05:30,133.0,133.0,132.99,132.99,53
2022-09-13 09:50:00+05:30,132.99,132.99,132.99,132.99,0
2022-09-13 09:55:00+05:30,132.99,132.99,132.99,132.99,0
2022-09-13 10:00:00+05:30,132.99,132.99,132.99,132.99,0
2022-09-13 10:05:00+05:30,132.99,132.99,132.99,132.99,0
2022-09-13 10:10:00+05:30,132.99,132.99,132.99,132.99,0
2022-09-13 10:15:00+05:30,132.99,132.99,132.99,132.99,0
2022-09-13 10:20:00+05:30,132.99,132.99,132.99,132.99,0
2022-09-13 10:30:00+05:30,132.99,132.99,132.99,132.99,0
2022-09-13 10:50:00+05:30,132.99,132.99,132.99,132.99,0
2022-09-13 10:55:00+05:30,132.99,132.99,132.99,132.99,0
2022-09-13 11:00:00+05:30,132.99,132.99,132.99,132.99,0
2022-09-13 11:05:00+05:30,132.99,132.99,132.99,132.99,0
2022-09-13 11:20:00+05:30,132.99,132.99,132.99,132.99,0
2022-09-13 11:25:00+05:30,132.99,132.99,132.99,132.99,0
2022-09-13 11:30:00+05:30,132.99,132.99,132.99,132.99,0
2022-09-13 11:50:00+05:30,138.9,138.9,138.9,138.9,5
2022-09-13 11:55:00+05:30,138.9,138.9,138.9,138.9,0
2022-09-13 12:00:00+05:30,138.9,138.9,138.9,138.9,0
2022-09-13 12:20:00+05:30,138.9,138.9,138.9,138.9,0
2022-09-13 12:25:00+05:30,138.9,138.9,138.9,138.9,0
2022-09-13 12:30:00+05:30,138.9,138.9,138.9,138.9,0
2022-09-13 12:35:00+05:30,138.9,138.9,138.9,138.9,0
2022-09-13 12:50:00+05:30,135.25,135.25,135.25,135.25,1
2022-09-13 13:00:00+05:30,135.25,135.25,135.25,135.25,0
2022-09-13 13:05:00+05:30,135.25,135.25,135.25,135.25,0
2022-09-13 13:10:00+05:30,135.25,135.25,135.25,135.25,0
2022-09-13 13:15:00+05:30,135.25,135.25,135.25,135.25,0
2022-09-13 13:25:00+05:30,135.25,135.25,135.25,135.25,0
2022-09-13 13:30:00+05:30,135.25,137.15,135.25,137.15,5
2022-09-13 13:35:00+05:30,137.15,137.15,137.15,137.15,0
2022-09-13 13:40:00+05:30,137.15,137.15,137.15,137.15,0
2022-09-13 14:20:00+05:30,137.15,137.15,137.15,137.15,0
2022-09-13 14:30:00+05:30,137.15,137.15,137.15,137.15,0
2022-09-13 14:35:00+05:30,137.15,137.15,137.15,137.15,0
2022-09-13 14:40:00+05:30,137.15,137.15,137.15,137.15,0
2022-09-13 14:55:00+05:30,137.15,137.15,137.15,137.15,0
2022-09-13 15:05:00+05:30,137.15,137.15,137.15,137.15,0
2022-09-13 15:15:00+05:30,137.15,137.15,137.15,137.15,0
2022-09-13 15:25:00+05:30,137.15,137.15,137.15,137.15,1
2022-09-14 09:20:00+05:30,131.03,131.03,131.03,131.03,0
2022-09-14 09:25:00+05:30,131.03,131.03,131.03,131.03,0
2022-09-14 09:30:00+05:30,131.03,131.03,131.03,131.03,0
2022-09-14 09:35:00+05:30,131.03,131.03,131.03,131.03,0
2022-09-14 09:40:00+05:30,131.03,131.03,131.03,131.03,0
2022-09-14 09:45:00+05:30,140.0,140.0,140.0,140.0,60
2022-09-14 09:50:00+05:30,140.0,140.0,140.0,140.0,0
2022-09-14 10:00:00+05:30,140.0,140.0,139.99,139.99,1
2022-09-14 10:15:00+05:30,139.99,139.99,139.99,139.99,0
2022-09-14 10:20:00+05:30,139.99,139.99,139.99,139.99,0
2022-09-14 10:25:00+05:30,139.99,139.99,139.99,139.99,3
2022-09-14 10:30:00+05:30,139.99,139.99,139.99,139.99,0
2022-09-14 10:35:00+05:30,139.99,139.99,139.99,139.99,0
2022-09-14 10:45:00+05:30,139.99,139.99,139.99,139.99,0
2022-09-14 10:50:00+05:30,139.99,139.99,139.99,139.99,0
2022-09-14 10:55:00+05:30,139.99,139.99,139.99,139.99,0
2022-09-14 11:15:00+05:30,139.99,142.0,139.99,142.0,20
2022-09-14 11:25:00+05:30,142.0,142.0,142.0,142.0,0
2022-09-14 11:30:00+05:30,142.0,142.0,142.0,142.0,0
2022-09-14 11:35:00+05:30,142.0,142.0,142.0,142.0,0
2022-09-14 11:40:00+05:30,132.05,132.05,132.05,132.05,60
2022-09-14 11:45:00+05:30,132.05,132.05,132.05,132.05,0
2022-09-14 11:50:00+05:30,132.05,132.05,132.05,132.05,0
2022-09-14 11:55:00+05:30,132.05,141.87,132.05,141.87,3
2022-09-14 12:05:00+05:30,141.87,141.87,141.87,141.87,0
2022-09-14 12:10:00+05:30,141.87,141.87,137.0,137.0,40
2022-09-14 12:15:00+05:30,137.0,137.0,137.0,137.0,0
2022-09-14 12:20:00+05:30,137.0,137.0,137.0,137.0,0
2022-09-14 12:25:00+05:30,137.0,137.0,137.0,137.0,8
2022-09-14 12:40:00+05:30,137.0,137.0,137.0,137.0,1
2022-09-14 12:45:00+05:30,137.0,137.0,132.06,137.0,27
2022-09-14 12:50:00+05:30,137.0,137.0,137.0,137.0,1
2022-09-14 12:55:00+05:30,137.0,137.0,137.0,137.0,0
2022-09-14 13:00:00+05:30,137.0,137.0,137.0,137.0,0
2022-09-14 13:15:00+05:30,137.0,137.0,137.0,137.0,0
2022-09-14 13:25:00+05:30,137.0,137.0,137.0,137.0,0
2022-09-14 13:30:00+05:30,137.0,137.0,137.0,137.0,0
2022-09-14 13:35:00+05:30,140.8,140.8,140.8,140.8,5
2022-09-14 13:40:00+05:30,140.8,140.8,140.79,140.79,10
2022-09-14 13:45:00+05:30,140.79,140.79,140.79,140.79,0
2022-09-14 13:55:00+05:30,132.61,132.61,132.61,132.61,5
2022-09-14 14:00:00+05:30,132.61,132.61,132.61,132.61,0
2022-09-14 14:10:00+05:30,132.61,132.61,132.61,132.61,0
2022-09-14 14:15:00+05:30,132.61,132.61,132.61,132.61,0
2022-09-14 14:20:00+05:30,132.61,132.61,132.61,132.61,0
2022-09-14 14:30:00+05:30,132.61,132.61,132.61,132.61,0
2022-09-14 14:35:00+05:30,132.61,132.61,132.61,132.61,0
2022-09-14 14:40:00+05:30,132.61,132.61,132.61,132.61,0
2022-09-14 14:45:00+05:30,132.61,132.61,132.61,132.61,0
2022-09-14 14:50:00+05:30,132.61,132.61,132.61,132.61,0
2022-09-14 14:55:00+05:30,132.61,132.61,132.61,132.61,0
2022-09-14 15:05:00+05:30,132.61,132.61,132.61,132.61,0
2022-09-14 15:10:00+05:30,132.61,132.61,132.61,132.61,0
2022-09-14 15:15:00+05:30,132.61,132.61,132.61,132.61,0
2022-09-14 15:20:00+05:30,132.61,136.58,132.61,132.78,7
2022-09-14 15:25:00+05:30,132.78,132.78,132.78,132.78,0
2022-09-15 09:45:00+05:30,141.95,141.95,141.95,141.95,0
2022-09-15 09:50:00+05:30,141.95,141.95,141.95,141.95,0
2022-09-15 09:55:00+05:30,141.95,141.95,141.95,141.95,0
2022-09-15 10:10:00+05:30,141.95,141.95,141.95,141.95,0
2022-09-15 10:15:00+05:30,141.95,141.95,141.95,141.95,0
2022-09-15 10:20:00+05:30,141.95,141.95,139.25,139.25,91
2022-09-15 10:30:00+05:30,139.25,139.25,139.25,139.25,0
2022-09-15 10:50:00+05:30,139.25,139.25,139.25,139.25,0
2022-09-15 10:55:00+05:30,139.25,139.25,139.25,139.25,0
2022-09-15 11:00:00+05:30,139.25,139.25,139.25,139.25,0
2022-09-15 11:15:00+05:30,139.25,139.25,139.25,139.25,0
2022-09-15 11:20:00+05:30,139.25,139.25,139.25,139.25,0
2022-09-15 11:25:00+05:30,139.25,139.25,139.25,139.25,0
2022-09-15 11:30:00+05:30,139.25,139.25,139.25,139.25,0
2022-09-15 11:40:00+05:30,139.25,139.25,139.25,139.25,0
2022-09-15 11:50:00+05:30,141.9,141.9,141.9,141.9,1
2022-09-15 11:55:00+05:30,141.9,141.9,141.9,141.9,40
2022-09-15 12:00:00+05:30,134.07,134.81,134.07,134.81,3
2022-09-15 12:05:00+05:30,134.81,134.81,134.81,134.81,0
2022-09-15 12:10:00+05:30,134.07,134.07,134.07,134.07,38
2022-09-15 12:20:00+05:30,134.07,134.07,134.07,134.07,0
2022-09-15 12:30:00+05:30,134.07,134.07,134.07,134.07,0
2022-09-15 12:35:00+05:30,125.1,125.1,125.1,125.1,44
2022-09-15 12:40:00+05:30,128.0,128.0,128.0,128.0,2
2022-09-15 12:55:00+05:30,128.0,128.0,128.0,128.0,0
2022-09-15 13:00:00+05:30,128.0,128.0,128.0,128.0,0
2022-09-15 13:05:00+05:30,135.0,135.0,135.0,135.0,2
2022-09-15 13:10:00+05:30,135.0,135.0,135.0,135.0,0
2022-09-15 13:20:00+05:30,135.0,135.0,128.55,128.55,5
2022-09-15 13:25:00+05:30,130.0,130.0,130.0,130.0,5
2022-09-15 13:30:00+05:30,130.0,130.0,130.0,130.0,0
2022-09-15 13:40:00+05:30,120.1,125.0,120.1,125.0,750
2022-09-15 13:45:00+05:30,125.0,125.0,125.0,125.0,1
2022-09-15 13:50:00+05:30,125.0,125.0,125.0,125.0,0
2022-09-15 13:55:00+05:30,125.0,125.0,125.0,125.0,0
2022-09-15 14:00:00+05:30,125.0,125.01,125.0,125.01,250
2022-09-15 14:05:00+05:30,125.01,125.01,125.01,125.01,0
2022-09-15 14:10:00+05:30,125.01,125.01,125.01,125.01,0
2022-09-15 14:15:00+05:30,125.01,125.01,125.01,125.01,0
2022-09-15 14:20:00+05:30,125.01,125.01,125.01,125.01,0
2022-09-15 14:25:00+05:30,125.01,125.01,125.01,125.01,0
2022-09-15 14:30:00+05:30,125.01,125.01,125.01,125.01,0
2022-09-15 14:40:00+05:30,125.01,125.01,125.01,125.01,0
2022-09-15 14:45:00+05:30,125.01,125.01,125.01,125.01,0
2022-09-15 14:50:00+05:30,125.12,125.12,125.12,125.12,1
2022-09-15 14:55:00+05:30,125.12,125.12,125.11,125.11,22
2022-09-15 15:00:00+05:30,125.11,125.15,125.11,125.15,4
2022-09-15 15:05:00+05:30,129.9,129.9,129.9,129.9,5
2022-09-15 15:10:00+05:30,129.9,129.9,129.9,129.9,0
2022-09-15 15:15:00+05:30,129.9,129.9,129.9,129.9,0
2022-09-15 15:20:00+05:30,129.9,129.9,129.9,129.9,0
2022-09-15 15:25:00+05:30,129.9,129.9,129.9,129.9,0
2022-09-16 09:45:00+05:30,134.88,134.88,134.88,134.88,0
2022-09-16 09:50:00+05:30,134.88,134.88,130.99,130.99,150
2022-09-16 09:55:00+05:30,130.99,130.99,130.99,130.99,0
2022-09-16 10:00:00+05:30,130.99,130.99,130.99,130.99,0
2022-09-16 10:05:00+05:30,130.99,130.99,130.99,130.99,0
2022-09-16 10:15:00+05:30,130.99,130.99,130.99,130.99,0
2022-09-16 10:25:00+05:30,130.99,130.99,130.99,130.99,0
2022-09-16 10:30:00+05:30,121.01,121.01,121.01,121.01,150
2022-09-16 10:45:00+05:30,121.01,121.01,121.01,121.01,0
2022-09-16 10:55:00+05:30,121.01,121.01,121.01,121.01,0
2022-09-16 11:00:00+05:30,121.01,121.01,121.01,121.01,0
2022-09-16 11:10:00+05:30,121.01,121.01,121.01,121.01,0
2022-09-16 11:20:00+05:30,121.01,121.01,121.01,121.01,0
2022-09-16 11:30:00+05:30,121.01,121.01,121.01,121.01,0
2022-09-16 11:35:00+05:30,121.01,121.01,121.01,121.01,0
2022-09-16 11:45:00+05:30,121.01,121.01,121.01,121.01,0
2022-09-16 11:50:00+05:30,121.01,121.01,121.01,121.01,0
2022-09-16 11:55:00+05:30,121.01,121.01,121.01,121.01,0
2022-09-16 12:00:00+05:30,121.01,121.01,121.01,121.01,0
2022-09-16 12:10:00+05:30,121.01,121.01,121.01,121.01,0
2022-09-16 12:15:00+05:30,121.01,121.01,121.01,121.01,0
2022-09-16 12:20:00+05:30,121.01,121.01,121.01,121.01,0
2022-09-16 12:25:00+05:30,121.01,121.01,121.01,121.01,0
2022-09-16 12:30:00+05:30,121.01,121.01,121.01,121.01,0
2022-09-16 12:35:00+05:30,121.01,121.01,121.01,121.01,0
2022-09-16 12:50:00+05:30,121.01,121.01,121.01,121.01,0
2022-09-16 13:10:00+05:30,121.01,121.01,121.01,121.01,0
2022-09-16 13:15:00+05:30,122.95,122.95,122.95,122.95,100
2022-09-16 13:20:00+05:30,122.95,122.95,122.95,122.95,0
2022-09-16 13:25:00+05:30,122.95,122.95,122.95,122.95,0
2022-09-16 13:30:00+05:30,122.95,122.95,122.95,122.95,0
2022-09-16 13:40:00+05:30,122.95,122.95,122.95,122.95,0
2022-09-16 13:45:00+05:30,122.95,122.95,122.95,122.95,0
2022-09-16 13:50:00+05:30,122.95,122.95,122.95,122.95,0
2022-09-16 14:05:00+05:30,122.95,129.0,122.95,129.0,2
2022-09-16 14:10:00+05:30,129.0,129.0,129.0,129.0,0
2022-09-16 14:20:00+05:30,129.0,129.0,128.95,128.95,10
2022-09-16 14:25:00+05:30,128.95,128.95,128.95,128.95,0
2022-09-16 14:30:00+05:30,128.95,128.95,128.95,128.95,0
2022-09-16 14:35:00+05:30,128.95,128.95,123.5,123.5,6
2022-09-16 14:40:00+05:30,123.5,123.5,123.5,123.5,0
2022-09-16 14:45:00+05:30,123.5,123.5,123.5,123.5,0
2022-09-16 14:50:00+05:30,123.5,123.5,123.5,123.5,22
2022-09-16 14:55:00+05:30,123.5,123.5,123.5,123.5,0
2022-09-16 15:05:00+05:30,123.5,123.5,123.5,123.5,0
2022-09-16 15:10:00+05:30,123.5,123.5,123.5,123.5,0
2022-09-16 15:15:00+05:30,123.5,123.5,123.5,123.5,0
2022-09-16 15:20:00+05:30,123.5,123.5,123.5,123.5,0
2022-09-16 15:25:00+05:30,123.5,128.8,123.5,128.6,30
2022-09-19 09:15:00+05:30,134.3,134.3,134.3,134.3,0
2022-09-19 09:20:00+05:30,134.3,134.3,133.94,133.94,1
2022-09-19 09:25:00+05:30,133.94,133.94,133.94,133.94,0
2022-09-19 09:30:00+05:30,133.94,133.94,129.99,129.99,10
2022-09-19 09:35:00+05:30,129.99,129.99,129.96,129.96,1
2022-09-19 09:45:00+05:30,129.96,129.96,129.96,129.96,17
2022-09-19 09:50:00+05:30,129.96,129.96,129.96,129.96,0
2022-09-19 09:55:00+05:30,129.96,129.96,129.96,129.96,0
2022-09-19 10:00:00+05:30,129.96,129.96,129.96,129.96,0
2022-09-19 10:05:00+05:30,129.96,129.96,129.96,129.96,0
2022-09-19 10:10:00+05:30,128.99,128.99,128.99,128.99,1
2022-09-19 10:20:00+05:30,128.99,128.99,128.99,128.99,0
2022-09-19 10:25:00+05:30,128.99,128.99,128.99,128.99,0
2022-09-19 10:30:00+05:30,128.99,128.99,120.3,120.3,46
2022-09-19 10:35:00+05:30,120.3,121.0,120.3,121.0,1
2022-09-19 10:40:00+05:30,121.0,121.0,121.0,121.0,70
2022-09-19 10:45:00+05:30,121.0,121.0,121.0,121.0,0
2022-09-19 10:50:00+05:30,121.0,121.0,121.0,121.0,0
2022-09-19 10:55:00+05:30,121.0,121.0,121.0,121.0,0
2022-09-19 11:00:00+05:30,121.0,121.0,121.0,121.0,0
2022-09-19 11:05:00+05:30,121.0,121.0,121.0,121.0,0
2022-09-19 11:10:00+05:30,121.0,121.0,121.0,121.0,0
2022-09-19 11:15:00+05:30,121.0,121.0,121.0,121.0,0
2022-09-19 11:20:00+05:30,121.0,121.0,121.0,121.0,0
2022-09-19 11:25:00+05:30,121.0,121.0,121.0,121.0,0
2022-09-19 11:30:00+05:30,121.0,121.0,121.0,121.0,0
2022-09-19 11:35:00+05:30,121.0,121.0,121.0,121.0,0
2022-09-19 11:45:00+05:30,121.01,127.87,121.01,127.87,12
2022-09-19 11:50:00+05:30,127.87,127.87,127.87,127.87,0
2022-09-19 11:55:00+05:30,127.87,127.87,127.87,127.87,1
2022-09-19 12:00:00+05:30,127.87,127.87,127.87,127.87,0
2022-09-19 12:10:00+05:30,121.02,121.02,121.02,121.02,1
2022-09-19 12:20:00+05:30,121.02,121.02,121.02,121.02,0
2022-09-19 12:30:00+05:30,121.02,125.77,121.02,125.77,1
2022-09-19 12:35:00+05:30,125.77,125.77,125.77,125.77,0
2022-09-19 12:40:00+05:30,125.77,125.77,125.77,125.77,0
2022-09-19 12:45:00+05:30,125.77,125.77,125.77,125.77,0
2022-09-19 12:55:00+05:30,125.77,125.77,125.77,125.77,0
2022-09-19 13:10:00+05:30,125.77,125.77,125.77,125.77,0
2022-09-19 13:20:00+05:30,125.77,127.85,125.77,127.85,95
2022-09-19 13:25:00+05:30,127.85,127.85,127.85,127.85,0
2022-09-19 13:30:00+05:30,127.85,127.85,127.85,127.85,0
2022-09-19 13:35:00+05:30,127.85,127.85,127.85,127.85,0
2022-09-19 13:40:00+05:30,127.85,127.85,125.77,125.77,10
2022-09-19 13:45:00+05:30,125.77,125.77,125.77,125.77,0
2022-09-19 13:55:00+05:30,125.77,125.77,125.77,125.77,0
2022-09-19 14:00:00+05:30,125.77,125.77,125.77,125.77,0
2022-09-19 14:05:00+05:30,125.77,125.77,125.77,125.77,0
2022-09-19 14:10:00+05:30,125.77,125.77,125.77,125.77,0
2022-09-19 14:15:00+05:30,125.77,125.77,125.77,125.77,0
2022-09-19 14:20:00+05:30,125.77,125.77,125.77,125.77,0
2022-09-19 14:25:00+05:30,125.77,127.59,125.77,127.59,1
2022-09-19 14:30:00+05:30,127.59,127.59,127.59,127.59,3
2022-09-19 14:35:00+05:30,127.59,127.59,127.59,127.59,0
2022-09-19 14:40:00+05:30,127.59,127.59,127.59,127.59,0
2022-09-19 14:45:00+05:30,127.59,127.59,127.59,127.59,0
2022-09-19 14:50:00+05:30,127.59,127.59,127.59,127.59,0
2022-09-19 14:55:00+05:30,127.59,127.59,127.59,127.59,0
2022-09-19 15:00:00+05:30,127.59,127.59,127.59,127.59,0
2022-09-19 15:05:00+05:30,127.59,127.59,121.1,121.1,2
2022-09-19 15:10:00+05:30,121.1,121.1,121.1,121.1,0
2022-09-19 15:15:00+05:30,121.1,121.1,121.1,121.1,0
2022-09-19 15:20:00+05:30,121.1,121.1,121.0,121.0,14
2022-09-19 15:25:00+05:30,121.0,121.0,121.0,121.0,0
2022-09-20 09:15:00+05:30,128.95,129.0,128.95,129.0,0
2022-09-20 09:20:00+05:30,129.0,129.0,129.0,129.0,0
2022-09-20 09:25:00+05:30,129.0,129.0,120.31,120.31,115
2022-09-20 09:30:00+05:30,120.31,120.31,120.31,120.31,0
2022-09-20 09:35:00+05:30,120.31,124.0,120.31,124.0,1
2022-09-20 09:40:00+05:30,124.0,124.0,124.0,124.0,1
2022-09-20 09:45:00+05:30,124.0,124.0,124.0,124.0,0
2022-09-20 09:50:00+05:30,128.85,128.85,128.85,128.85,10
2022-09-20 09:55:00+05:30,128.85,128.85,128.85,128.85,0
2022-09-20 10:00:00+05:30,128.85,128.85,128.85,128.85,0
2022-09-20 10:05:00+05:30,128.85,128.85,128.85,128.85,0
2022-09-20 10:10:00+05:30,128.85,128.85,128.85,128.85,0
2022-09-20 10:15:00+05:30,128.85,128.85,128.85,128.85,0
2022-09-20 10:30:00+05:30,128.85,128.85,128.85,128.85,0
2022-09-20 10:35:00+05:30,128.85,128.85,128.85,128.85,0
2022-09-20 10:40:00+05:30,128.57,128.57,124.0,124.0,2
2022-09-20 10:45:00+05:30,124.0,124.0,124.0,124.0,0
2022-09-20 10:50:00+05:30,124.0,124.0,124.0,124.0,3
2022-09-20 11:00:00+05:30,124.0,124.0,124.0,124.0,2
2022-09-20 11:05:00+05:30,124.0,124.0,124.0,124.0,0
2022-09-20 11:10:00+05:30,124.0,124.0,124.0,124.0,0
2022-09-20 11:20:00+05:30,124.0,124.0,124.0,124.0,0
2022-09-20 11:25:00+05:30,124.0,124.0,124.0,124.0,0
2022-09-20 11:40:00+05:30,124.0,124.0,124.0,124.0,0
2022-09-20 11:45:00+05:30,124.0,124.0,124.0,124.0,0
2022-09-20 11:50:00+05:30,124.0,124.0,124.0,124.0,0
2022-09-20 11:55:00+05:30,124.0,124.0,124.0,124.0,0
2022-09-20 12:00:00+05:30,124.0,124.0,124.0,124.0,0
2022-09-20 12:10:00+05:30,124.0,124.0,124.0,124.0,0
2022-09-20 12:15:00+05:30,124.0,124.0,124.0,124.0,0
2022-09-20 12:20:00+05:30,124.0,124.0,124.0,124.0,0
2022-09-20 12:40:00+05:30,124.0,124.0,124.0,124.0,0
2022-09-20 12:50:00+05:30,124.0,124.0,124.0,124.0,0
2022-09-20 13:00:00+05:30,124.0,124.0,124.0,124.0,0
2022-09-20 13:05:00+05:30,124.0,124.0,124.0,124.0,0
2022-09-20 13:10:00+05:30,124.0,124.0,124.0,124.0,0
2022-09-20 13:15:00+05:30,124.0,124.0,124.0,124.0,0
2022-09-20 13:35:00+05:30,124.0,124.0,124.0,124.0,0
2022-09-20 13:40:00+05:30,124.0,124.0,124.0,124.0,0
2022-09-20 13:45:00+05:30,124.0,124.0,124.0,124.0,0
2022-09-20 13:50:00+05:30,124.0,124.0,124.0,124.0,0
2022-09-20 14:10:00+05:30,124.0,124.0,124.0,124.0,0
2022-09-20 14:15:00+05:30,124.0,124.0,124.0,124.0,0
2022-09-20 14:50:00+05:30,124.0,124.0,124.0,124.0,0
2022-09-20 14:55:00+05:30,124.0,126.1,124.0,126.1,1
2022-09-20 15:00:00+05:30,126.1,126.1,126.1,126.1,0
2022-09-20 15:05:00+05:30,126.1,126.1,126.1,126.1,0
2022-09-20 15:10:00+05:30,126.1,126.1,122.02,122.02,100
2022-09-20 15:15:00+05:30,122.02,122.02,122.02,122.02,0
2022-09-20 15:20:00+05:30,122.02,122.02,122.02,122.02,0
2022-09-20 15:25:00+05:30,122.02,122.02,121.24,121.24,4
2022-09-21 09:20:00+05:30,127.4,127.4,127.4,127.4,0
2022-09-21 09:25:00+05:30,127.4,127.4,127.4,127.4,0
2022-09-21 09:35:00+05:30,127.4,127.4,127.4,127.4,0
2022-09-21 09:40:00+05:30,127.4,127.4,127.4,127.4,0
2022-09-21 09:45:00+05:30,127.4,127.4,127.4,127.4,0
2022-09-21 09:50:00+05:30,127.4,136.0,127.3,136.0,301
2022-09-21 09:55:00+05:30,136.0,136.0,136.0,136.0,0
2022-09-21 10:00:00+05:30,136.0,136.0,136.0,136.0,0
2022-09-21 10:05:00+05:30,136.0,136.0,136.0,136.0,0
2022-09-21 10:10:00+05:30,135.9,138.0,123.13,137.0,505
2022-09-21 10:15:00+05:30,137.0,137.0,136.98,136.98,1
2022-09-21 10:20:00+05:30,136.98,136.98,124.0,124.0,1
2022-09-21 10:25:00+05:30,124.0,124.0,124.0,124.0,0
2022-09-21 10:35:00+05:30,124.0,124.0,124.0,124.0,0
2022-09-21 10:40:00+05:30,124.0,124.0,124.0,124.0,0
2022-09-21 10:45:00+05:30,124.0,131.0,124.0,126.0,6
2022-09-21 10:50:00+05:30,126.0,126.0,126.0,126.0,0
2022-09-21 10:55:00+05:30,126.0,126.0,126.0,126.0,0
2022-09-21 11:00:00+05:30,126.0,126.0,126.0,126.0,0
2022-09-21 11:05:00+05:30,133.6,133.6,133.6,133.6,6
2022-09-21 11:10:00+05:30,133.6,133.6,133.6,133.6,1
2022-09-21 11:15:00+05:30,133.6,133.6,133.6,133.6,0
2022-09-21 11:20:00+05:30,133.6,133.6,133.6,133.6,0
2022-09-21 11:25:00+05:30,133.6,133.6,133.6,133.6,0
2022-09-21 11:30:00+05:30,133.6,133.6,133.6,133.6,0
2022-09-21 11:35:00+05:30,133.6,133.6,133.6,133.6,0
2022-09-21 11:40:00+05:30,133.6,133.6,133.6,133.6,0
2022-09-21 11:45:00+05:30,133.6,133.6,133.6,133.6,0
2022-09-21 11:50:00+05:30,133.6,133.6,133.6,133.6,0
2022-09-21 11:55:00+05:30,133.6,133.6,128.0,128.0,1
2022-09-21 12:00:00+05:30,128.0,128.0,128.0,128.0,0
2022-09-21 12:20:00+05:30,128.0,128.0,128.0,128.0,0
2022-09-21 12:30:00+05:30,128.0,128.0,128.0,128.0,0
2022-09-21 12:55:00+05:30,128.0,128.0,128.0,128.0,0
2022-09-21 13:00:00+05:30,128.0,128.0,128.0,128.0,0
2022-09-21 13:05:00+05:30,128.0,128.0,128.0,128.0,0
2022-09-21 13:10:00+05:30,128.0,133.6,128.0,133.6,1
2022-09-21 13:15:00+05:30,128.1,128.1,128.1,128.1,1
2022-09-21 13:20:00+05:30,128.1,128.1,128.1,128.1,0
2022-09-21 13:55:00+05:30,128.1,128.1,128.1,128.1,0
2022-09-21 14:00:00+05:30,128.1,128.1,128.1,128.1,0
2022-09-21 14:15:00+05:30,128.1,128.1,128.1,128.1,0
2022-09-21 14:20:00+05:30,128.1,133.5,128.1,133.5,0
2022-09-21 14:25:00+05:30,133.5,133.5,133.5,133.5,6
2022-09-21 14:30:00+05:30,133.5,133.5,133.5,133.5,0
2022-09-21 14:40:00+05:30,133.5,133.5,133.5,133.5,0
2022-09-21 14:45:00+05:30,133.5,133.5,133.5,133.5,0
2022-09-21 14:50:00+05:30,133.5,133.5,133.49,133.49,2
2022-09-21 14:55:00+05:30,133.49,133.49,133.49,133.49,10
2022-09-21 15:00:00+05:30,133.49,133.49,133.49,133.49,0
2022-09-21 15:05:00+05:30,133.5,133.5,133.49,133.49,200
2022-09-21 15:10:00+05:30,133.49,133.49,133.49,133.49,0
2022-09-21 15:15:00+05:30,133.49,133.49,133.49,133.49,0
2022-09-21 15:20:00+05:30,133.49,133.49,126.01,126.01,1
2022-09-21 15:25:00+05:30,126.01,133.49,126.01,133.49,20
2022-09-22 09:30:00+05:30,138.99,138.99,138.99,138.99,0
2022-09-22 09:35:00+05:30,138.99,138.99,138.99,138.99,0
2022-09-22 09:40:00+05:30,138.99,138.99,138.99,138.99,0
2022-09-22 09:45:00+05:30,138.99,138.99,138.99,138.99,0
2022-09-22 09:50:00+05:30,138.99,138.99,138.99,138.99,0
2022-09-22 09:55:00+05:30,138.99,138.99,138.99,138.99,0
2022-09-22 10:00:00+05:30,138.99,138.99,134.75,134.75,1
2022-09-22 10:05:00+05:30,134.75,134.75,134.75,134.75,0
2022-09-22 10:10:00+05:30,134.75,134.75,134.75,134.75,0
2022-09-22 10:15:00+05:30,138.99,138.99,138.99,138.99,5
2022-09-22 10:20:00+05:30,138.99,138.99,138.99,138.99,0
2022-09-22 10:25:00+05:30,138.99,138.99,138.99,138.99,0
2022-09-22 10:35:00+05:30,138.99,138.99,138.99,138.99,0
2022-09-22 10:40:00+05:30,138.99,138.99,138.99,138.99,0
2022-09-22 10:45:00+05:30,138.99,138.99,126.0,126.0,5
2022-09-22 10:50:00+05:30,126.0,126.0,126.0,126.0,0
2022-09-22 10:55:00+05:30,128.0,128.0,128.0,128.0,2
2022-09-22 11:05:00+05:30,128.0,128.0,128.0,128.0,0
2022-09-22 11:15:00+05:30,128.0,128.0,125.0,125.0,500
2022-09-22 11:20:00+05:30,125.0,125.0,115.8,115.81,924
2022-09-22 11:25:00+05:30,115.81,117.91,115.3,117.91,6
2022-09-22 11:30:00+05:30,117.91,117.91,117.91,117.91,0
2022-09-22 11:35:00+05:30,117.91,117.91,115.1,115.11,44
2022-09-22 11:40:00+05:30,115.11,115.11,115.11,115.11,0
2022-09-22 11:45:00+05:30,117.5,117.5,117.5,117.5,61
2022-09-22 11:50:00+05:30,117.5,117.5,117.5,117.5,127
2022-09-22 11:55:00+05:30,117.5,117.5,117.5,117.5,0
2022-09-22 12:00:00+05:30,117.5,117.5,116.01,116.01,4
2022-09-22 12:05:00+05:30,116.01,116.01,116.01,116.01,0
2022-09-22 12:10:00+05:30,116.01,116.01,116.01,116.01,0
2022-09-22 12:15:00+05:30,116.01,116.01,116.01,116.01,0
2022-09-22 12:20:00+05:30,116.01,116.01,116.01,116.01,0
2022-09-22 12:25:00+05:30,116.01,116.01,116.01,116.01,0
2022-09-22 12:30:00+05:30,116.01,116.01,116.01,116.01,0
2022-09-22 12:35:00+05:30,116.01,116.01,116.01,116.01,0
2022-09-22 12:40:00+05:30,117.24,117.24,117.24,117.24,60
2022-09-22 12:45:00+05:30,117.24,117.24,117.24,117.24,0
2022-09-22 12:50:00+05:30,117.24,117.24,117.24,117.24,0
2022-09-22 12:55:00+05:30,117.24,117.24,117.24,117.24,0
2022-09-22 13:00:00+05:30,117.24,117.24,117.24,117.24,0
2022-09-22 13:05:00+05:30,117.24,117.24,117.24,117.24,0
2022-09-22 13:10:00+05:30,117.13,117.13,117.13,117.13,6
2022-09-22 13:15:00+05:30,117.13,117.13,117.13,117.13,0
2022-09-22 13:20:00+05:30,117.13,117.13,117.13,117.13,0
2022-09-22 13:25:00+05:30,117.12,117.12,117.12,117.12,1
2022-09-22 13:35:00+05:30,117.12,117.12,117.12,117.12,25
2022-09-22 13:45:00+05:30,117.12,117.12,117.12,117.12,0
2022-09-22 13:50:00+05:30,117.12,117.12,117.12,117.12,35
2022-09-22 13:55:00+05:30,117.12,117.12,117.12,117.12,11
2022-09-22 14:00:00+05:30,117.12,117.12,117.12,117.12,62
2022-09-22 14:05:00+05:30,117.9,117.9,117.9,117.9,26
2022-09-22 14:10:00+05:30,117.9,117.9,117.9,117.9,0
2022-09-22 14:15:00+05:30,117.9,117.9,117.9,117.9,2
2022-09-22 14:20:00+05:30,117.9,118.0,117.9,118.0,1789
2022-09-22 14:35:00+05:30,118.0,118.0,118.0,118.0,60
2022-09-22 14:40:00+05:30,118.0,118.0,118.0,118.0,53
2022-09-22 14:45:00+05:30,118.0,118.0,118.0,118.0,10
2022-09-22 14:50:00+05:30,118.0,118.0,117.6,118.0,6
2022-09-22 14:55:00+05:30,118.0,118.0,118.0,118.0,5
2022-09-22 15:05:00+05:30,118.0,118.0,118.0,118.0,0
2022-09-22 15:10:00+05:30,118.0,118.0,118.0,118.0,8
2022-09-22 15:15:00+05:30,118.0,118.0,118.0,118.0,50
2022-09-22 15:25:00+05:30,118.0,118.0,117.21,117.21,49
2022-09-23 09:15:00+05:30,124.74,128.0,117.31,117.31,10
2022-09-23 09:20:00+05:30,117.31,118.76,117.31,118.76,1
2022-09-23 09:25:00+05:30,118.76,118.76,118.76,118.76,0
2022-09-23 09:30:00+05:30,118.76,118.76,118.76,118.76,0
2022-09-23 09:35:00+05:30,121.99,122.0,121.98,122.0,114
2022-09-23 09:40:00+05:30,122.0,124.25,122.0,124.25,53
2022-09-23 09:45:00+05:30,124.25,124.25,124.24,124.24,495
2022-09-23 09:50:00+05:30,124.24,124.24,124.24,124.24,0
2022-09-23 09:55:00+05:30,124.24,124.24,122.33,122.33,49
2022-09-23 10:00:00+05:30,122.33,122.33,121.5,121.5,318
2022-09-23 10:05:00+05:30,121.5,121.5,121.5,121.5,0
2022-09-23 10:10:00+05:30,121.5,123.5,121.5,123.5,6
2022-09-23 10:15:00+05:30,123.5,123.5,123.5,123.5,0
2022-09-23 10:20:00+05:30,123.5,123.5,117.46,117.46,1032
2022-09-23 10:25:00+05:30,117.46,118.0,117.46,117.99,598
2022-09-23 10:30:00+05:30,117.99,117.99,117.31,117.31,19
2022-09-23 10:35:00+05:30,117.31,117.31,117.31,117.31,0
2022-09-23 10:40:00+05:30,117.31,117.31,117.31,117.31,0
2022-09-23 10:45:00+05:30,117.99,117.99,117.99,117.99,2
2022-09-23 10:50:00+05:30,117.5,117.5,117.49,117.49,9
2022-09-23 10:55:00+05:30,117.49,117.49,117.49,117.49,0
2022-09-23 11:00:00+05:30,117.49,117.49,117.49,117.49,0
2022-09-23 11:05:00+05:30,117.49,117.49,117.49,117.49,0
2022-09-23 11:10:00+05:30,117.49,117.49,117.49,117.49,0
2022-09-23 11:15:00+05:30,117.49,117.49,117.49,117.49,0
2022-09-23 11:35:00+05:30,117.49,117.49,117.49,117.49,0
2022-09-23 11:40:00+05:30,117.49,117.49,117.49,117.49,0
2022-09-23 11:50:00+05:30,117.49,117.49,117.49,117.49,0
2022-09-23 11:55:00+05:30,117.49,117.49,117.49,117.49,0
2022-09-23 12:00:00+05:30,117.49,117.49,117.49,117.49,0
2022-09-23 12:10:00+05:30,117.49,117.49,117.49,117.49,0
2022-09-23 12:15:00+05:30,117.5,117.5,117.5,117.5,10
2022-09-23 12:30:00+05:30,117.5,117.5,117.5,117.5,0
2022-09-23 12:40:00+05:30,117.5,117.5,117.5,117.5,0
2022-09-23 12:45:00+05:30,117.01,117.01,117.01,117.01,287
2022-09-23 12:55:00+05:30,117.01,117.01,117.01,117.01,0
2022-09-23 13:05:00+05:30,117.01,117.01,117.01,117.01,0
2022-09-23 13:10:00+05:30,117.01,117.01,117.01,117.01,0
2022-09-23 13:30:00+05:30,117.01,117.01,117.01,117.01,0
2022-09-23 13:40:00+05:30,117.01,117.01,117.01,117.01,0
2022-09-23 13:50:00+05:30,117.01,117.01,117.01,117.01,0
2022-09-23 13:55:00+05:30,117.01,117.01,117.01,117.01,0
2022-09-23 14:00:00+05:30,117.01,117.01,117.01,117.01,0
2022-09-23 14:10:00+05:30,117.01,117.01,117.01,117.01,0
2022-09-23 14:25:00+05:30,117.01,117.01,117.01,117.01,0
2022-09-23 14:30:00+05:30,117.01,117.01,117.01,117.01,0
2022-09-23 14:40:00+05:30,117.01,117.01,117.01,117.01,0
2022-09-23 14:45:00+05:30,117.01,117.01,117.01,117.01,0
2022-09-23 14:50:00+05:30,117.01,117.2,117.01,117.2,2
2022-09-23 14:55:00+05:30,117.2,117.2,117.2,117.2,5
2022-09-23 15:00:00+05:30,117.2,117.5,117.2,117.5,53
2022-09-23 15:05:00+05:30,114.55,115.81,114.3,115.81,82
2022-09-23 15:10:00+05:30,115.81,116.0,115.81,116.0,1
2022-09-23 15:15:00+05:30,116.0,116.0,112.95,113.0,1024
2022-09-23 15:20:00+05:30,113.0,113.05,113.0,113.05,2
2022-09-23 15:25:00+05:30,113.05,113.05,113.05,113.05,0
2022-09-26 09:20:00+05:30,116.61,116.61,116.01,116.6,420
2022-09-26 09:35:00+05:30,116.6,116.6,116.6,116.6,0
2022-09-26 09:40:00+05:30,116.6,116.6,116.6,116.6,0
2022-09-26 09:45:00+05:30,116.6,116.6,116.6,116.6,0
2022-09-26 09:50:00+05:30,116.6,116.6,116.6,116.6,0
2022-09-26 09:55:00+05:30,116.6,116.6,116.6,116.6,0
2022-09-26 10:00:00+05:30,116.6,116.6,116.6,116.6,0
2022-09-26 10:15:00+05:30,116.6,116.6,116.6,116.6,0
2022-09-26 10:20:00+05:30,116.6,116.6,116.6,116.6,0
2022-09-26 10:25:00+05:30,116.6,116.6,116.6,116.6,0
2022-09-26 10:30:00+05:30,116.6,116.6,116.6,116.6,0
2022-09-26 10:35:00+05:30,116.6,116.6,113.0,113.0,1
2022-09-26 10:45:00+05:30,113.0,113.0,113.0,113.0,0
2022-09-26 10:50:00+05:30,113.0,113.0,113.0,113.0,0
2022-09-26 10:55:00+05:30,113.0,113.0,113.0,113.0,0
2022-09-26 11:00:00+05:30,113.0,113.0,113.0,113.0,0
2022-09-26 11:25:00+05:30,113.0,113.0,113.0,113.0,0
2022-09-26 11:30:00+05:30,113.0,113.0,113.0,113.0,0
2022-09-26 11:35:00+05:30,113.0,113.0,113.0,113.0,0
2022-09-26 11:45:00+05:30,113.0,113.0,113.0,113.0,0
2022-09-26 12:10:00+05:30,113.0,113.0,113.0,113.0,0
2022-09-26 12:30:00+05:30,113.0,113.0,113.0,113.0,0
2022-09-26 12:35:00+05:30,113.0,114.49,113.0,114.49,10
2022-09-26 12:55:00+05:30,114.49,114.49,114.49,114.49,0
2022-09-26 13:00:00+05:30,114.49,114.49,114.49,114.49,25
2022-09-26 13:05:00+05:30,114.49,114.49,114.49,114.49,0
2022-09-26 13:10:00+05:30,114.49,114.49,114.49,114.49,0
2022-09-26 13:15:00+05:30,114.49,114.49,114.49,114.49,0
2022-09-26 13:20:00+05:30,114.49,114.49,114.49,114.49,0
2022-09-26 13:30:00+05:30,114.49,114.49,114.49,114.49,0
2022-09-26 13:35:00+05:30,114.49,114.99,114.49,114.99,25
2022-09-26 13:55:00+05:30,114.99,114.99,114.99,114.99,0
2022-09-26 14:00:00+05:30,114.99,114.99,114.99,114.99,0
2022-09-26 14:15:00+05:30,114.99,114.99,114.99,114.99,1
2022-09-26 14:40:00+05:30,114.99,114.99,114.99,114.99,0
2022-09-26 15:00:00+05:30,114.99,114.99,114.99,114.99,0
2022-09-26 15:05:00+05:30,114.99,114.99,114.99,114.99,0
2022-09-26 15:10:00+05:30,114.99,114.99,114.99,114.99,5
2022-09-26 15:15:00+05:30,114.99,114.99,114.99,114.99,0
2022-09-26 15:25:00+05:30,113.66,113.66,113.4,113.4,156
2022-09-27 09:45:00+05:30,111.9,111.9,111.9,111.9,0
2022-09-27 09:50:00+05:30,111.9,111.9,111.9,111.9,0
2022-09-27 09:55:00+05:30,111.9,111.9,111.9,111.9,0
2022-09-27 10:05:00+05:30,111.9,111.9,111.9,111.9,0
2022-09-27 10:10:00+05:30,111.9,111.9,111.9,111.9,0
2022-09-27 10:20:00+05:30,111.9,111.9,111.9,111.9,0
2022-09-27 10:25:00+05:30,111.9,112.81,111.9,112.81,2
2022-09-27 10:30:00+05:30,112.81,112.81,112.81,112.81,0
2022-09-27 10:35:00+05:30,112.81,112.81,112.81,112.81,0
2022-09-27 10:40:00+05:30,112.81,113.0,112.81,113.0,2
2022-09-27 10:45:00+05:30,113.0,113.0,113.0,113.0,0
2022-09-27 10:55:00+05:30,112.81,112.81,112.81,112.81,13
2022-09-27 11:00:00+05:30,112.81,112.81,112.81,112.81,0
2022-09-27 11:05:00+05:30,112.81,112.81,112.81,112.81,0
2022-09-27 11:10:00+05:30,112.81,112.81,112.81,112.81,0
2022-09-27 11:45:00+05:30,112.81,112.81,112.81,112.81,0
2022-09-27 12:00:00+05:30,112.81,112.81,112.81,112.81,0
2022-09-27 12:25:00+05:30,112.81,112.81,112.81,112.81,0
2022-09-27 12:40:00+05:30,112.0,112.0,112.0,112.0,2
2022-09-27 12:45:00+05:30,110.4,110.81,110.3,110.81,16
2022-09-27 12:55:00+05:30,110.81,111.31,110.81,111.31,1
2022-09-27 13:00:00+05:30,111.0,111.0,111.0,111.0,88
2022-09-27 13:10:00+05:30,111.0,111.0,111.0,111.0,0
2022-09-27 13:15:00+05:30,111.0,111.0,111.0,111.0,0
2022-09-27 13:20:00+05:30,111.0,111.0,111.0,111.0,0
2022-09-27 13:25:00+05:30,111.0,111.0,111.0,111.0,0
2022-09-27 13:35:00+05:30,111.0,111.0,111.0,111.0,0
2022-09-27 13:45:00+05:30,111.0,111.0,111.0,111.0,0
2022-09-27 13:50:00+05:30,111.0,111.0,111.0,111.0,0
2022-09-27 13:55:00+05:30,111.81,111.81,111.81,111.81,1
2022-09-27 14:05:00+05:30,111.81,111.81,111.81,111.81,0
2022-09-27 14:10:00+05:30,113.9,113.9,113.9,113.9,1
2022-09-27 14:30:00+05:30,113.9,113.9,113.9,113.9,0
2022-09-27 14:40:00+05:30,113.9,113.9,113.9,113.9,0
2022-09-27 14:50:00+05:30,113.9,113.9,113.9,113.9,0
2022-09-27 15:00:00+05:30,113.9,113.9,110.31,110.31,3
2022-09-27 15:05:00+05:30,110.31,110.32,110.31,110.32,6
2022-09-27 15:10:00+05:30,110.32,110.32,110.32,110.32,0
2022-09-27 15:20:00+05:30,110.32,110.32,110.32,110.32,0
2022-09-27 15:25:00+05:30,110.32,110.32,110.32,110.32,0
2022-09-28 09:15:00+05:30,110.39,110.39,110.39,110.39,0
2022-09-28 09:20:00+05:30,110.39,110.39,110.39,110.39,0
2022-09-28 09:25:00+05:30,110.39,110.39,110.39,110.39,0
2022-09-28 09:30:00+05:30,110.39,110.39,110.39,110.39,0
2022-09-28 09:35:00+05:30,110.39,110.39,110.39,110.39,0
2022-09-28 09:40:00+05:30,110.39,110.39,110.39,110.39,0
2022-09-28 09:45:00+05:30,110.39,110.39,110.39,110.39,0
2022-09-28 09:50:00+05:30,110.39,110.39,110.39,110.39,0
2022-09-28 09:55:00+05:30,110.39,110.39,110.39,110.39,0
2022-09-28 10:05:00+05:30,110.39,110.39,110.39,110.39,0
2022-09-28 10:10:00+05:30,110.39,110.39,110.39,110.39,0
2022-09-28 10:15:00+05:30,110.39,110.39,110.39,110.39,0
2022-09-28 10:20:00+05:30,110.39,110.39,110.39,110.39,0
2022-09-28 10:25:00+05:30,110.39,110.39,110.39,110.39,0
2022-09-28 10:30:00+05:30,110.39,110.39,110.39,110.39,0
2022-09-28 10:35:00+05:30,110.39,113.0,110.39,113.0,1
2022-09-28 10:40:00+05:30,113.0,113.0,113.0,113.0,0
2022-09-28 10:50:00+05:30,113.0,113.0,113.0,113.0,0
2022-09-28 11:00:00+05:30,113.0,114.0,113.0,114.0,4
2022-09-28 11:20:00+05:30,114.0,114.0,114.0,114.0,0
2022-09-28 11:30:00+05:30,114.0,114.0,114.0,114.0,0
2022-09-28 11:45:00+05:30,114.0,114.0,114.0,114.0,0
2022-09-28 12:00:00+05:30,114.0,114.0,114.0,114.0,0
2022-09-28 12:05:00+05:30,114.0,114.0,114.0,114.0,0
2022-09-28 12:15:00+05:30,114.0,114.0,114.0,114.0,0
2022-09-28 12:20:00+05:30,114.0,114.0,114.0,114.0,0
2022-09-28 12:25:00+05:30,114.0,114.0,114.0,114.0,0
2022-09-28 12:30:00+05:30,114.0,114.0,114.0,114.0,0
2022-09-28 12:35:00+05:30,114.0,114.0,114.0,114.0,51
2022-09-28 12:45:00+05:30,113.03,113.03,113.03,113.03,4
2022-09-28 12:55:00+05:30,113.03,113.03,113.03,113.03,0
2022-09-28 13:05:00+05:30,113.03,114.44,113.03,114.44,10
2022-09-28 13:10:00+05:30,114.44,114.44,114.44,114.44,20
2022-09-28 13:15:00+05:30,114.44,114.44,114.44,114.44,20
2022-09-28 13:20:00+05:30,114.44,114.44,114.44,114.44,10
2022-09-28 13:30:00+05:30,114.44,114.44,114.44,114.44,35
2022-09-28 13:35:00+05:30,114.44,114.44,114.44,114.44,0
2022-09-28 13:40:00+05:30,114.44,114.44,114.44,114.44,0
2022-09-28 13:45:00+05:30,114.44,114.44,114.44,114.44,0
2022-09-28 14:10:00+05:30,114.44,114.44,114.44,114.44,0
2022-09-28 14:20:00+05:30,114.44,114.44,114.44,114.44,0
2022-09-28 14:30:00+05:30,114.0,114.0,113.55,113.55,154
2022-09-28 14:35:00+05:30,113.55,113.55,113.55,113.55,97
2022-09-28 14:45:00+05:30,113.55,113.55,113.55,113.55,0
2022-09-28 14:50:00+05:30,114.4,114.4,114.4,114.4,2
2022-09-28 15:00:00+05:30,114.4,114.4,114.4,114.4,4
2022-09-28 15:10:00+05:30,114.4,114.4,114.4,114.4,0
2022-09-28 15:15:00+05:30,114.4,114.4,113.55,113.55,285
2022-09-28 15:20:00+05:30,113.55,113.55,113.55,113.55,0
2022-09-28 15:25:00+05:30,113.55,113.55,113.55,113.55,0
2022-09-29 09:25:00+05:30,112.0,112.0,112.0,112.0,0
2022-09-29 09:30:00+05:30,112.0,112.0,112.0,112.0,0
2022-09-29 09:35:00+05:30,112.0,112.0,112.0,112.0,0
2022-09-29 09:40:00+05:30,112.0,112.0,112.0,112.0,0
2022-09-29 09:45:00+05:30,112.0,112.0,112.0,112.0,0
2022-09-29 09:50:00+05:30,112.0,112.0,112.0,112.0,0
2022-09-29 09:55:00+05:30,112.0,112.0,112.0,112.0,0
2022-09-29 10:05:00+05:30,112.0,112.0,112.0,112.0,0
2022-09-29 10:10:00+05:30,112.0,112.0,112.0,112.0,0
2022-09-29 10:15:00+05:30,112.0,112.0,112.0,112.0,0
2022-09-29 10:30:00+05:30,112.0,112.0,112.0,112.0,0
2022-09-29 10:40:00+05:30,112.0,112.0,112.0,112.0,0
2022-09-29 11:05:00+05:30,112.0,112.0,112.0,112.0,0
2022-09-29 11:20:00+05:30,112.0,112.0,112.0,112.0,0
2022-09-29 11:25:00+05:30,114.0,114.0,114.0,114.0,2
2022-09-29 11:40:00+05:30,114.0,114.0,114.0,114.0,0
2022-09-29 11:50:00+05:30,114.0,114.0,114.0,114.0,0
2022-09-29 12:00:00+05:30,114.0,114.0,114.0,114.0,0
2022-09-29 12:15:00+05:30,114.0,114.0,114.0,114.0,0
2022-09-29 12:25:00+05:30,114.0,114.0,114.0,114.0,0
2022-09-29 13:00:00+05:30,114.0,114.0,114.0,114.0,0
2022-09-29 13:30:00+05:30,114.89,114.89,114.89,114.89,1
2022-09-29 14:50:00+05:30,114.89,114.89,114.89,114.89,1
2022-09-29 15:05:00+05:30,114.89,114.89,114.89,114.89,0
2022-09-29 15:10:00+05:30,114.89,114.89,114.89,114.89,0
2022-09-29 15:15:00+05:30,114.89,114.89,114.89,114.89,0
2022-09-29 15:20:00+05:30,114.89,114.89,114.89,114.89,0
2022-09-29 15:25:00+05:30,114.89,114.89,114.89,114.89,0
2022-09-30 14:30:00+05:30,114.45,114.45,114.45,114.45,0
2022-09-30 14:40:00+05:30,114.45,114.45,114.45,114.45,0
2022-09-30 14:45:00+05:30,114.45,114.45,114.45,114.45,60
2022-09-30 15:10:00+05:30,114.4,114.4,114.4,114.4,1
2022-09-30 15:20:00+05:30,114.4,114.4,114.4,114.4,0
2022-09-30 15:25:00+05:30,114.4,114.4,114.4,114.4,0
2022-10-03 11:50:00+05:30,116.0,116.0,116.0,116.0,0
2022-10-03 11:55:00+05:30,116.0,116.0,116.0,116.0,0
2022-10-03 12:05:00+05:30,116.0,116.0,116.0,116.0,0
2022-10-03 12:10:00+05:30,116.0,116.0,116.0,116.0,0
2022-10-03 12:45:00+05:30,116.0,116.0,116.0,116.0,0
2022-10-03 12:50:00+05:30,116.0,116.0,116.0,116.0,0
2022-10-03 13:00:00+05:30,116.0,116.0,116.0,116.0,0
2022-10-03 13:30:00+05:30,110.4,112.05,110.4,112.05,32
2022-10-03 13:40:00+05:30,112.05,112.05,112.05,112.05,0
2022-10-03 13:50:00+05:30,112.05,112.05,112.05,112.05,0
2022-10-03 13:55:00+05:30,112.05,112.05,112.05,112.05,0
2022-10-03 14:30:00+05:30,112.05,112.05,112.05,112.05,0
2022-10-03 14:35:00+05:30,114.72,114.72,114.72,114.72,22
2022-10-03 14:45:00+05:30,115.0,115.0,115.0,115.0,0
2022-10-03 14:50:00+05:30,114.72,114.72,114.72,114.72,511
2022-10-03 15:05:00+05:30,114.72,114.72,114.72,114.72,4781
2022-10-03 15:10:00+05:30,114.72,114.72,114.72,114.72,0
2022-10-03 15:15:00+05:30,114.72,114.72,114.72,114.72,219
2022-10-03 15:20:00+05:30,114.72,114.72,114.72,114.72,0
2022-10-03 15:25:00+05:30,114.72,114.72,114.72,114.72,0
2022-10-04 09:25:00+05:30,115.01,115.01,115.01,115.01,0
2022-10-04 09:30:00+05:30,115.01,115.01,115.01,115.01,0
2022-10-04 09:35:00+05:30,115.01,115.01,115.01,115.01,0
2022-10-04 09:45:00+05:30,115.01,115.01,115.01,115.01,0
2022-10-04 09:50:00+05:30,115.01,115.01,115.01,115.01,0
2022-10-04 10:05:00+05:30,115.49,115.49,115.49,115.49,1
2022-10-04 10:10:00+05:30,115.49,115.49,115.49,115.49,0
2022-10-04 10:40:00+05:30,115.49,115.49,115.49,115.49,0
2022-10-04 10:45:00+05:30,115.49,115.49,115.49,115.49,0
2022-10-04 10:50:00+05:30,115.61,115.61,115.61,115.61,243
2022-10-04 11:05:00+05:30,115.61,115.61,115.61,115.61,0
2022-10-04 11:10:00+05:30,115.61,115.61,115.61,115.61,0
2022-10-04 11:20:00+05:30,115.61,115.7,115.61,115.7,1
2022-10-04 11:35:00+05:30,115.7,115.7,115.7,115.7,0
2022-10-04 11:45:00+05:30,115.7,115.7,115.7,115.7,0
2022-10-04 11:50:00+05:30,115.7,115.7,115.7,115.7,0
2022-10-04 12:55:00+05:30,115.67,115.67,115.67,115.67,25
2022-10-04 13:10:00+05:30,115.67,115.67,115.67,115.67,0
2022-10-04 13:45:00+05:30,115.91,115.91,115.91,115.91,1
2022-10-04 14:00:00+05:30,115.91,115.91,115.91,115.91,25
2022-10-04 14:05:00+05:30,115.91,116.06,115.91,116.06,28
2022-10-04 14:15:00+05:30,116.06,116.06,116.06,116.06,0
2022-10-04 14:45:00+05:30,116.06,116.06,116.06,116.06,0
2022-10-04 14:55:00+05:30,116.64,116.64,116.64,116.64,1
2022-10-04 15:00:00+05:30,116.64,116.64,116.64,116.64,0
2022-10-04 15:05:00+05:30,116.65,116.65,116.06,116.64,45
2022-10-04 15:10:00+05:30,116.06,116.06,116.06,116.06,1
2022-10-04 15:20:00+05:30,116.06,116.06,116.06,116.06,0
2022-10-04 15:25:00+05:30,116.65,116.65,116.65,116.65,216
2022-10-06 10:20:00+05:30,117.5,117.5,117.5,117.5,0
2022-10-06 10:35:00+05:30,118.15,118.15,118.15,118.15,16
2022-10-06 10:45:00+05:30,118.15,118.15,118.15,118.15,0
2022-10-06 11:05:00+05:30,118.15,118.15,118.15,118.15,0
2022-10-06 11:35:00+05:30,118.15,118.15,118.15,118.15,0
2022-10-06 12:00:00+05:30,118.15,118.15,118.15,118.15,0
2022-10-06 12:05:00+05:30,117.8,117.8,117.8,117.8,300
2022-10-06 12:25:00+05:30,117.8,117.8,117.8,117.8,4
2022-10-06 12:40:00+05:30,117.8,117.8,117.8,117.8,0
2022-10-06 12:45:00+05:30,117.8,117.8,117.8,117.8,0
2022-10-06 12:55:00+05:30,117.8,117.8,117.8,117.8,0
2022-10-06 13:05:00+05:30,117.8,117.8,117.8,117.8,0
2022-10-06 13:45:00+05:30,117.7,117.7,117.7,117.7,219
2022-10-06 14:05:00+05:30,118.3,118.3,118.3,118.3,1
2022-10-06 14:20:00+05:30,117.7,117.7,117.7,117.7,68
2022-10-06 14:45:00+05:30,117.7,117.7,117.7,117.7,0
2022-10-06 15:05:00+05:30,117.7,117.7,117.7,117.7,150
2022-10-06 15:10:00+05:30,117.7,117.7,117.7,117.7,0
2022-10-06 15:15:00+05:30,118.3,118.3,118.3,118.3,1
2022-10-06 15:25:00+05:30,118.3,118.3,118.3,118.3,0
2022-10-07 10:35:00+05:30,117.3,117.3,117.3,117.3,0
2022-10-07 10:40:00+05:30,117.3,117.3,117.3,117.3,0
2022-10-07 10:45:00+05:30,117.3,117.3,117.3,117.3,0
2022-10-07 10:50:00+05:30,117.3,117.3,117.3,117.3,0
2022-10-07 11:00:00+05:30,116.9,116.9,116.9,116.9,2
2022-10-07 11:25:00+05:30,116.9,116.9,116.9,116.9,0
2022-10-07 12:15:00+05:30,116.9,116.9,116.9,116.9,0
2022-10-07 12:35:00+05:30,116.8,116.8,116.8,116.8,1
2022-10-07 13:25:00+05:30,116.8,116.8,116.8,116.8,0
2022-10-07 13:50:00+05:30,115.3,116.7,114.9,114.9,12
2022-10-07 13:55:00+05:30,116.31,116.31,116.31,116.31,6
2022-10-07 14:05:00+05:30,116.31,116.31,116.31,116.31,0
2022-10-07 14:10:00+05:30,116.31,116.31,116.31,116.31,0
2022-10-07 14:25:00+05:30,116.31,116.81,116.31,116.81,1
2022-10-07 14:30:00+05:30,116.81,116.81,116.81,116.81,0
2022-10-07 14:45:00+05:30,116.81,116.81,116.81,116.81,0
2022-10-07 15:00:00+05:30,116.82,116.82,116.82,116.82,2
2022-10-07 15:05:00+05:30,116.82,116.82,116.6,116.6,4
2022-10-07 15:25:00+05:30,116.6,116.6,116.6,116.6,0
2022-10-10 09:40:00+05:30,111.9,116.0,111.9,116.0,1
2022-10-10 10:20:00+05:30,116.0,116.0,116.0,116.0,26
2022-10-10 10:25:00+05:30,116.0,116.0,116.0,116.0,0
2022-10-10 10:30:00+05:30,116.0,116.75,116.0,116.75,1
2022-10-10 10:35:00+05:30,116.75,116.75,116.75,116.75,0
2022-10-10 10:45:00+05:30,116.75,116.75,116.75,116.75,0
2022-10-10 11:10:00+05:30,116.75,116.75,116.05,116.05,8
2022-10-10 11:20:00+05:30,116.05,116.05,116.05,116.05,58
2022-10-10 11:35:00+05:30,116.05,116.05,116.05,116.05,0
2022-10-10 11:55:00+05:30,116.05,116.05,116.05,116.05,0
2022-10-10 12:25:00+05:30,116.05,116.05,116.05,116.05,0
2022-10-10 12:35:00+05:30,116.75,116.75,116.75,116.75,1
2022-10-10 12:40:00+05:30,116.75,116.75,116.75,116.75,0
2022-10-10 14:20:00+05:30,117.0,117.15,117.0,117.15,2
2022-10-10 14:25:00+05:30,117.15,117.15,117.15,117.15,0
2022-10-10 14:50:00+05:30,117.15,117.15,117.15,117.15,0
2022-10-10 15:10:00+05:30,117.15,117.15,117.15,117.15,0
2022-10-10 15:25:00+05:30,117.15,117.15,117.15,117.15,0
2022-10-11 11:30:00+05:30,117.1,117.1,117.1,117.1,0
2022-10-11 12:45:00+05:30,117.1,117.1,117.1,117.1,0
2022-10-11 13:10:00+05:30,117.1,117.1,117.1,117.1,0
2022-10-11 13:15:00+05:30,117.1,117.1,117.1,117.1,0
2022-10-11 14:35:00+05:30,117.1,117.1,117.1,117.1,0
2022-10-11 14:55:00+05:30,117.1,117.1,116.8,116.8,1
2022-10-11 15:05:00+05:30,116.8,116.8,116.8,116.8,0
2022-10-11 15:15:00+05:30,116.8,116.8,116.8,116.8,0
2022-10-11 15:20:00+05:30,116.8,116.8,116.8,116.8,0
2022-10-11 15:25:00+05:30,116.8,116.8,116.8,116.8,0
2022-10-12 09:20:00+05:30,113.3,113.3,113.3,113.3,0
2022-10-12 09:25:00+05:30,113.3,113.3,113.3,113.3,0
2022-10-12 09:30:00+05:30,113.3,113.3,113.3,113.3,0
2022-10-12 09:35:00+05:30,113.3,113.3,113.3,113.3,0
2022-10-12 09:45:00+05:30,113.3,116.4,113.3,116.1,12
2022-10-12 09:50:00+05:30,116.1,116.1,116.09,116.09,15
2022-10-12 09:55:00+05:30,116.09,116.09,116.09,116.09,0
2022-10-12 10:00:00+05:30,116.09,116.09,116.09,116.09,0
2022-10-12 10:05:00+05:30,116.09,116.09,116.09,116.09,0
2022-10-12 10:10:00+05:30,116.0,116.0,116.0,116.0,1
2022-10-12 10:15:00+05:30,116.0,116.0,116.0,116.0,0
2022-10-12 10:20:00+05:30,116.0,116.0,116.0,116.0,0
2022-10-12 10:25:00+05:30,116.0,116.0,116.0,116.0,3
2022-10-12 10:35:00+05:30,116.0,116.0,115.4,115.4,22
2022-10-12 10:45:00+05:30,115.4,115.4,115.4,115.4,0
2022-10-12 10:50:00+05:30,115.4,115.4,115.3,115.3,1
2022-10-12 10:55:00+05:30,115.3,115.3,115.3,115.3,0
2022-10-12 11:10:00+05:30,115.0,115.0,115.0,115.0,2
2022-10-12 11:15:00+05:30,115.3,115.3,115.3,115.3,1
2022-10-12 11:20:00+05:30,115.3,115.3,115.3,115.3,0
2022-10-12 12:00:00+05:30,115.3,115.3,115.3,115.3,0
2022-10-12 12:25:00+05:30,115.3,115.3,115.3,115.3,0
2022-10-12 12:35:00+05:30,115.3,115.3,115.2,115.2,22
2022-10-12 12:50:00+05:30,115.2,115.2,115.2,115.2,0
2022-10-12 14:00:00+05:30,115.2,115.2,115.2,115.2,0
2022-10-12 14:15:00+05:30,115.2,115.2,115.2,115.2,0
2022-10-12 14:50:00+05:30,115.2,115.2,115.2,115.2,1
2022-10-12 15:05:00+05:30,115.2,115.2,115.2,115.2,0
2022-10-12 15:15:00+05:30,115.2,115.2,115.2,115.2,0
2022-10-12 15:25:00+05:30,115.2,115.2,115.2,115.2,0
